case_id,product_title,source_marketplace,segment,category_group,front_image_path,ingredients_image_path,warning_image_path
amazon_amazon_001,"CELSIUS Assorted Flavors Official Variety Pack, Functional Essential Energy Drinks, 12 Fl Oz (Pack of 12)",Amazon,food,grocery_general,benchmark_images_real_extended/amazon_amazon_001/front.jpg,benchmark_images_real_extended/amazon_amazon_001/ingredients.jpg,benchmark_images_real_extended/amazon_amazon_001/warning.jpg
amazon_amazon_002,"Nespresso Capsules Vertuo, Variety Pack, Medium and Dark Roast Coffee, 30 Count Coffee Pods, Brews 7.8 oz.",Amazon,food,grocery_general,benchmark_images_real_extended/amazon_amazon_002/front.jpg,benchmark_images_real_extended/amazon_amazon_002/ingredients.jpg,benchmark_images_real_extended/amazon_amazon_002/warning.jpg
amazon_amazon_003,"Premier Protein Shake, Chocolate, 30g Protein 1g Sugar 24 Vitamins Minerals Nutrients to Support Immune Health, 11.5 fl oz (Pack of 12)",Amazon,food,grocery_general,benchmark_images_real_extended/amazon_amazon_003/front.jpg,benchmark_images_real_extended/amazon_amazon_003/ingredients.jpg,benchmark_images_real_extended/amazon_amazon_003/warning.jpg
amazon_amazon_004,"Sparkling Ice, Black Raspberry Sparkling Water, Zero Sugar Flavored Water, with Vitamins and Antioxidants, Low Calorie Beverage, 17 fl oz Bottles (Pack of 12)",Amazon,food,grocery_general,benchmark_images_real_extended/amazon_amazon_004/front.jpg,benchmark_images_real_extended/amazon_amazon_004/ingredients.jpg,benchmark_images_real_extended/amazon_amazon_004/warning.jpg
amazon_amazon_005,"Monster Energy Zero Ultra, Sugar Free Energy Drink, 16 Ounce (Pack of 15)",Amazon,food,grocery_general,benchmark_images_real_extended/amazon_amazon_005/front.jpg,benchmark_images_real_extended/amazon_amazon_005/ingredients.jpg,benchmark_images_real_extended/amazon_amazon_005/warning.jpg
amazon_amazon_006,"Core Power Protein Shake, Chocolate, 26g Bottle, 14oz, 12 Pack",Amazon,food,grocery_general,benchmark_images_real_extended/amazon_amazon_006/front.jpg,benchmark_images_real_extended/amazon_amazon_006/ingredients.jpg,benchmark_images_real_extended/amazon_amazon_006/warning.jpg
amazon_amazon_007,"Nature Valley Crunchy Granola Bars, Value Pack, 60 Bars, 44.7 OZ Count (30 Pouches)",Amazon,food,granola_bars,benchmark_images_real_extended/amazon_amazon_007/front.jpg,benchmark_images_real_extended/amazon_amazon_007/ingredients.jpg,benchmark_images_real_extended/amazon_amazon_007/warning.jpg
amazon_amazon_008,"Nature Valley Crunchy Oats 'n Honey Granola Bars, 60 Bars, 44.7 OZ (30 Pouches)",Amazon,food,granola_bars,benchmark_images_real_extended/amazon_amazon_008/front.jpg,benchmark_images_real_extended/amazon_amazon_008/ingredients.jpg,benchmark_images_real_extended/amazon_amazon_008/warning.jpg
amazon_amazon_009,"KIND Breakfast Bars, Peanut Butter, Healthy Snacks, Gluten Free, 5g Protein, 6 Count",Amazon,food,granola_bars,benchmark_images_real_extended/amazon_amazon_009/front.jpg,benchmark_images_real_extended/amazon_amazon_009/ingredients.jpg,benchmark_images_real_extended/amazon_amazon_009/warning.jpg
amazon_amazon_010,"Nature Valley Chewy Granola Bars, Protein, Peanut Butter Dark Chocolate, 15 bars, 21.3 OZ",Amazon,food,granola_bars,benchmark_images_real_extended/amazon_amazon_010/front.jpg,benchmark_images_real_extended/amazon_amazon_010/ingredients.jpg,benchmark_images_real_extended/amazon_amazon_010/warning.jpg
amazon_amazon_011,CLIF Kid Zbar - Chocolate Brownie - Soft Baked Whole Grain Snack Bars - USDA Organic - Non-GMO - Plant-Based - 1.27 oz. (18 Pack),Amazon,food,granola_bars,benchmark_images_real_extended/amazon_amazon_011/front.jpg,benchmark_images_real_extended/amazon_amazon_011/ingredients.jpg,benchmark_images_real_extended/amazon_amazon_011/warning.jpg
amazon_amazon_012,"Cascadian Farm Organic Granola with No Added Sugar, Blueberry Vanilla Cereal, Resealable Pouch, 11 oz.",Amazon,food,granola_cereal,benchmark_images_real_extended/amazon_amazon_012/front.jpg,benchmark_images_real_extended/amazon_amazon_012/ingredients.jpg,benchmark_images_real_extended/amazon_amazon_012/warning.jpg
amazon_amazon_013,"Nature Valley Protein Granola, Oats and Honey Granola, Resealable Snack Pouch, Family Size, 17 oz",Amazon,food,granola_cereal,benchmark_images_real_extended/amazon_amazon_013/front.jpg,benchmark_images_real_extended/amazon_amazon_013/ingredients.jpg,benchmark_images_real_extended/amazon_amazon_013/warning.jpg
amazon_amazon_014,"Cascadian Farm Organic Granola, Oats and Honey Cereal, Resealable Pouch, 11 oz.",Amazon,food,granola_cereal,benchmark_images_real_extended/amazon_amazon_014/front.jpg,benchmark_images_real_extended/amazon_amazon_014/ingredients.jpg,benchmark_images_real_extended/amazon_amazon_014/warning.jpg
amazon_amazon_015,"Purely Elizabeth Organic Original, Ancient Grain Granola, Gluten-Free, Non-GMO (3 Ct, 12oz Bags)",Amazon,food,granola_cereal,benchmark_images_real_extended/amazon_amazon_015/front.jpg,benchmark_images_real_extended/amazon_amazon_015/ingredients.jpg,benchmark_images_real_extended/amazon_amazon_015/warning.jpg
amazon_amazon_016,"Quaker Simply Granola Honey & Almond, (Pack of 2)",Amazon,food,granola_cereal,benchmark_images_real_extended/amazon_amazon_016/front.jpg,benchmark_images_real_extended/amazon_amazon_016/ingredients.jpg,benchmark_images_real_extended/amazon_amazon_016/warning.jpg
amazon_amazon_017,"Lavazza Super Crema Whole Bean Coffee, Medium Espresso Roast, Arabica and Robusta Blend, 2.2 lb Bag, Package May Vary (Pack of 1)",Amazon,food,whole_coffee_beans,benchmark_images_real_extended/amazon_amazon_017/front.jpg,benchmark_images_real_extended/amazon_amazon_017/ingredients.jpg,benchmark_images_real_extended/amazon_amazon_017/warning.jpg
amazon_amazon_018,"Lavazza Espresso Whole Bean Coffee, Medium Roast, 100% Arabica, 2.2 lb Bag (Pack of 1)",Amazon,food,whole_coffee_beans,benchmark_images_real_extended/amazon_amazon_018/front.jpg,benchmark_images_real_extended/amazon_amazon_018/ingredients.jpg,benchmark_images_real_extended/amazon_amazon_018/warning.jpg
amazon_amazon_019,"Illy Classico Whole Bean Coffee, Medium Roast, Classic Roast With Notes Of Caramel, Orange Blossom And Jasmine, 100% Arabica Coffee, No Preservatives, 8.8 Ounce Can (Pack Of 1)",Amazon,food,whole_coffee_beans,benchmark_images_real_extended/amazon_amazon_019/front.jpg,benchmark_images_real_extended/amazon_amazon_019/ingredients.jpg,benchmark_images_real_extended/amazon_amazon_019/warning.jpg
amazon_amazon_020,"Amazon Fresh, Colombia Whole Bean Coffee Medium Roast, 32 Oz",Amazon,food,whole_coffee_beans,benchmark_images_real_extended/amazon_amazon_020/front.jpg,benchmark_images_real_extended/amazon_amazon_020/ingredients.jpg,benchmark_images_real_extended/amazon_amazon_020/warning.jpg
amazon_amazon_021,"Lavazza Espresso Whole Bean Coffee, Medium Roast, 100% Arabica, 2.2 lb Bag",Amazon,food,whole_coffee_beans,benchmark_images_real_extended/amazon_amazon_021/front.jpg,benchmark_images_real_extended/amazon_amazon_021/ingredients.jpg,benchmark_images_real_extended/amazon_amazon_021/warning.jpg
amazon_amazon_022,"DAVID Roasted and Salted Jumbo Sunflower Seeds, Cracked Pepper Flavor, 5.25oz.",Amazon,food,sunflower_seeds,benchmark_images_real_extended/amazon_amazon_022/front.jpg,benchmark_images_real_extended/amazon_amazon_022/ingredients.jpg,benchmark_images_real_extended/amazon_amazon_022/warning.jpg
amazon_amazon_023,"DAVID Roasted and Salted Reduced Sodium Sunflower Seeds, Original Flavor, 16oz.",Amazon,food,sunflower_seeds,benchmark_images_real_extended/amazon_amazon_023/front.jpg,benchmark_images_real_extended/amazon_amazon_023/ingredients.jpg,benchmark_images_real_extended/amazon_amazon_023/warning.jpg
amazon_amazon_024,"Elan Organic Raw Sunflower Seeds, 7.1 oz, Unsalted Kernels, Shelled Seeds, No Shell, Non-GMO, Vegan, Gluten-Free, Kosher, All Natural Snacks & Toppings",Amazon,food,sunflower_seeds,benchmark_images_real_extended/amazon_amazon_024/front.jpg,benchmark_images_real_extended/amazon_amazon_024/ingredients.jpg,benchmark_images_real_extended/amazon_amazon_024/warning.jpg
amazon_amazon_025,"BIGS Sunflower Seeds, Vlasic Dill Pickle Flavor, 5.35 oz.",Amazon,food,sunflower_seeds,benchmark_images_real_extended/amazon_amazon_025/front.jpg,benchmark_images_real_extended/amazon_amazon_025/ingredients.jpg,benchmark_images_real_extended/amazon_amazon_025/warning.jpg
amazon_amazon_026,"DAVID Roasted and Salted Jumbo Sunflower Seeds, Bar-B-Q Flavor, 5.25oz.",Amazon,food,sunflower_seeds,benchmark_images_real_extended/amazon_amazon_026/front.jpg,benchmark_images_real_extended/amazon_amazon_026/ingredients.jpg,benchmark_images_real_extended/amazon_amazon_026/warning.jpg
amazon_amazon_027,"Dymatize ISO 100 Whey Protein Powder with 25g of Hydrolyzed 100% Whey Isolate, Vanilla 5 Pound, Package may vary",Amazon,food,whey_protein,benchmark_images_real_extended/amazon_amazon_027/front.jpg,benchmark_images_real_extended/amazon_amazon_027/ingredients.jpg,benchmark_images_real_extended/amazon_amazon_027/warning.jpg
amazon_amazon_028,"Optimum Nutrition Gold Standard 100% Whey Protein Powder, Double Rich Chocolate, 2 Pound (Packaging May Vary)",Amazon,food,whey_protein,benchmark_images_real_extended/amazon_amazon_028/front.jpg,benchmark_images_real_extended/amazon_amazon_028/ingredients.jpg,benchmark_images_real_extended/amazon_amazon_028/warning.jpg
amazon_amazon_029,"Body Fortress Super Advanced Whey Protein Powder, Vanilla, Immune Support, Vitamins C & D Plus Zinc, 1.74 lbs",Amazon,food,whey_protein,benchmark_images_real_extended/amazon_amazon_029/front.jpg,benchmark_images_real_extended/amazon_amazon_029/ingredients.jpg,benchmark_images_real_extended/amazon_amazon_029/warning.jpg
amazon_amazon_030,"Premier Protein Powder, Vanilla Milkshake, 30g Protein, 1g Sugar, 100% Whey Protein, Keto Friendly, No Soy Ingredients, Gluten Free, 17 Servings, 23.3 Ounces",Amazon,food,whey_protein,benchmark_images_real_extended/amazon_amazon_030/front.jpg,benchmark_images_real_extended/amazon_amazon_030/ingredients.jpg,benchmark_images_real_extended/amazon_amazon_030/warning.jpg
amazon_amazon_031,FlavCity Grass Fed Whey Protein Powder - Vanilla Smoothie - 25g Protein & 10g Collagen - Made with Real Vanilla Bean & Organic Coconut Milk - Gluten Free & No Added Sugars (20 Servings),Amazon,food,whey_protein,benchmark_images_real_extended/amazon_amazon_031/front.jpg,benchmark_images_real_extended/amazon_amazon_031/ingredients.jpg,benchmark_images_real_extended/amazon_amazon_031/warning.jpg
amazon_amazon_032,"Vital Proteins Collagen Peptides Powder - Grass Fed Collagen Peptides for Hair, Nail, Skin, Bone & Joint Health, Unflavored, 27 Servings",Amazon,food,collagen,benchmark_images_real_extended/amazon_amazon_032/front.jpg,benchmark_images_real_extended/amazon_amazon_032/ingredients.jpg,benchmark_images_real_extended/amazon_amazon_032/warning.jpg
amazon_amazon_033,"Vital Proteins Collagen Peptides Powder Advanced with Hyaluronic Acid & Vitamin C - 20oz Collagen Protein, Unflavored, 28 Servings",Amazon,food,collagen,benchmark_images_real_extended/amazon_amazon_033/front.jpg,benchmark_images_real_extended/amazon_amazon_033/ingredients.jpg,benchmark_images_real_extended/amazon_amazon_033/warning.jpg
amazon_amazon_034,"Collagen Peptides Powder - Naturally-Sourced Hydrolyzed Collagen Powder - Hair, Skin, Nail, and Joint Support - Type I & III Grass-Fed Collagen Supplements for Women and Men - 41 Servings - 16oz",Amazon,food,collagen,benchmark_images_real_extended/amazon_amazon_034/front.jpg,benchmark_images_real_extended/amazon_amazon_034/ingredients.jpg,benchmark_images_real_extended/amazon_amazon_034/warning.jpg
amazon_amazon_035,"Ancient Nutrition Collagen Powder Protein with Probiotics, Unflavored Multi Collagen Protein with Vitamin C, 45 Servings, Hydrolyzed Collagen Peptides Supports Skin and Nails, Gut Health, 16oz",Amazon,food,collagen,benchmark_images_real_extended/amazon_amazon_035/front.jpg,benchmark_images_real_extended/amazon_amazon_035/ingredients.jpg,benchmark_images_real_extended/amazon_amazon_035/warning.jpg
amazon_amazon_036,"Sports Research Collagen Peptides for Women & Men, Unflavored, 16 oz., Hydrolyzed Type 1 & 3 Collagen Powder Protein Supplement for Healthy Skin, Nails, Bones & Joints",Amazon,food,collagen,benchmark_images_real_extended/amazon_amazon_036/front.jpg,benchmark_images_real_extended/amazon_amazon_036/ingredients.jpg,benchmark_images_real_extended/amazon_amazon_036/warning.jpg
amazon_amazon_037,"Nature's Way Organic MCT Oil, 16 Fl Oz, Brain and Body Fuel from Coconuts, C8 Caprylic Acid and C10 Capric Acid, Keto and Paleo Certified, Organic, Non-GMO Project Verified",Amazon,food,mct_oil,benchmark_images_real_extended/amazon_amazon_037/front.jpg,benchmark_images_real_extended/amazon_amazon_037/ingredients.jpg,benchmark_images_real_extended/amazon_amazon_037/warning.jpg
amazon_amazon_038,"Sports Research Organic MCT Oil - Keto & Vegan MCTs C8, C10, C12 from Coconuts - Fatty Acid Brain & Body Fuel, Non-GMO & Gluten Free - Flavorless Oil, Perfect in Coffee, Tea & Protein Shakes - 32 oz",Amazon,food,mct_oil,benchmark_images_real_extended/amazon_amazon_038/front.jpg,benchmark_images_real_extended/amazon_amazon_038/ingredients.jpg,benchmark_images_real_extended/amazon_amazon_038/warning.jpg
amazon_amazon_039,"Bulletproof Coconut Brain Octane C8 MCT Oil, 16 Ounces, Premium Keto Supplement for Sustained Energy and Fewer Cravings, Brain and Body Fuel, Unflavored, Add to Coffee and Smoothies",Amazon,food,mct_oil,benchmark_images_real_extended/amazon_amazon_039/front.jpg,benchmark_images_real_extended/amazon_amazon_039/ingredients.jpg,benchmark_images_real_extended/amazon_amazon_039/warning.jpg
amazon_amazon_040,"NOW Supplements, Berberine Glucose Support, Combined with MCT Oil for Optimal Berberine Absorption, 90 Softgels",Amazon,food,mct_oil,benchmark_images_real_extended/amazon_amazon_040/front.jpg,benchmark_images_real_extended/amazon_amazon_040/ingredients.jpg,benchmark_images_real_extended/amazon_amazon_040/warning.jpg
amazon_amazon_041,"Organic MCT Oil Powder with Prebiotic Fiber, 1 Pound (16 Ounce), Fast Fuel for Body and Brain, C8 MCT Oil for Coffee Creamer, No GMOs, Keto Diet, Vegan",Amazon,food,mct_oil,benchmark_images_real_extended/amazon_amazon_041/front.jpg,benchmark_images_real_extended/amazon_amazon_041/ingredients.jpg,benchmark_images_real_extended/amazon_amazon_041/warning.jpg
amazon_amazon_042,"NO COW Chocolate Peanut Butter Energy Bar, 1.77 OZ",Amazon,food,candy_and_energy_bars,benchmark_images_real_extended/amazon_amazon_042/front.jpg,benchmark_images_real_extended/amazon_amazon_042/ingredients.jpg,benchmark_images_real_extended/amazon_amazon_042/warning.jpg
amazon_amazon_043,"Optimum Nutrition Micronized Creatine Monohydrate Powder, Blueberry Lemonade Creatine, 60 Servings, 360 Grams",Amazon,food,candy_and_energy_bars,benchmark_images_real_extended/amazon_amazon_043/front.jpg,benchmark_images_real_extended/amazon_amazon_043/ingredients.jpg,benchmark_images_real_extended/amazon_amazon_043/warning.jpg
amazon_amazon_044,"JOHN KELLY CHOCOLATES Dark Chocolate Bourbon Fudge Bar, 1.7 OZ",Amazon,food,candy_and_energy_bars,benchmark_images_real_extended/amazon_amazon_044/front.jpg,benchmark_images_real_extended/amazon_amazon_044/ingredients.jpg,benchmark_images_real_extended/amazon_amazon_044/warning.jpg
amazon_amazon_045,"BARKTHINS Dark Chocolate Pretzel Snack, 10 OZ",Amazon,food,candy_and_energy_bars,benchmark_images_real_extended/amazon_amazon_045/front.jpg,benchmark_images_real_extended/amazon_amazon_045/ingredients.jpg,benchmark_images_real_extended/amazon_amazon_045/warning.jpg
amazon_amazon_046,"Nature Valley Sweet and Salty Granola Bars, Peanut, 30 Bars, 36 OZ",Amazon,food,bonus_food_mix,benchmark_images_real_extended/amazon_amazon_046/front.jpg,benchmark_images_real_extended/amazon_amazon_046/ingredients.jpg,benchmark_images_real_extended/amazon_amazon_046/warning.jpg
amazon_amazon_047,CLIF Kid Zbar - Chocolate Brownie - Soft Baked Whole Grain Snack Bars - USDA Organic - Non-GMO - Plant-Based - 1.27 oz. (18 Pack),Amazon,food,bonus_food_mix,benchmark_images_real_extended/amazon_amazon_047/front.jpg,benchmark_images_real_extended/amazon_amazon_047/ingredients.jpg,benchmark_images_real_extended/amazon_amazon_047/warning.jpg
amazon_amazon_048,"KIND Breakfast Bars, Peanut Butter, Healthy Snacks, Gluten Free, 5g Protein, 6 Count",Amazon,food,bonus_food_mix,benchmark_images_real_extended/amazon_amazon_048/front.jpg,benchmark_images_real_extended/amazon_amazon_048/ingredients.jpg,benchmark_images_real_extended/amazon_amazon_048/warning.jpg
amazon_amazon_049,"Quaker Simply Granola Honey & Almond, (Pack of 2)",Amazon,food,bonus_food_mix,benchmark_images_real_extended/amazon_amazon_049/front.jpg,benchmark_images_real_extended/amazon_amazon_049/ingredients.jpg,benchmark_images_real_extended/amazon_amazon_049/warning.jpg
amazon_amazon_050,"Elan Organic Raw Sunflower Seeds, 7.1 oz, Unsalted Kernels, Shelled Seeds, No Shell, Non-GMO, Vegan, Gluten-Free, Kosher, All Natural Snacks & Toppings",Amazon,food,bonus_food_mix,benchmark_images_real_extended/amazon_amazon_050/front.jpg,benchmark_images_real_extended/amazon_amazon_050/ingredients.jpg,benchmark_images_real_extended/amazon_amazon_050/warning.jpg
amazon_amazon_051,"Huggies Simply Clean Unscented Baby Diaper Wipes, 11 Flip-Top Packs (704 Wipes Total), Packaging May Vary",Amazon,non_food,baby_everyday,benchmark_images_real_extended/amazon_amazon_051/front.jpg,benchmark_images_real_extended/amazon_amazon_051/ingredients.jpg,benchmark_images_real_extended/amazon_amazon_051/warning.jpg
amazon_amazon_052,"Gaiatop Mini Portable Stroller Fan, Battery Operated Small Clip on, Rechargeable, 360° Rotate Flexible Tripod",Amazon,non_food,baby_everyday,benchmark_images_real_extended/amazon_amazon_052/front.jpg,benchmark_images_real_extended/amazon_amazon_052/ingredients.jpg,benchmark_images_real_extended/amazon_amazon_052/warning.jpg
amazon_amazon_053,"Amazon Brand - Mama Bear Gentle Touch Diapers, Size 5, 132 Count",Amazon,non_food,baby_everyday,benchmark_images_real_extended/amazon_amazon_053/front.jpg,benchmark_images_real_extended/amazon_amazon_053/ingredients.jpg,benchmark_images_real_extended/amazon_amazon_053/warning.jpg
amazon_amazon_054,"Huggies Natural Care Sensitive Baby Wipes, Unscented, Hypoallergenic, 99% Purified Water, 12 Flip-Top Packs (768 Wipes Total), Packaging May Vary",Amazon,non_food,baby_everyday,benchmark_images_real_extended/amazon_amazon_054/front.jpg,benchmark_images_real_extended/amazon_amazon_054/ingredients.jpg,benchmark_images_real_extended/amazon_amazon_054/warning.jpg
amazon_amazon_055,"Dr. Brown’s Natural Flow Level 2 Narrow Baby Bottle Silicone Nipple, Medium Flow, 3m+, 100% Silicone Bottle Nipple, 6 Count",Amazon,non_food,baby_everyday,benchmark_images_real_extended/amazon_amazon_055/front.jpg,benchmark_images_real_extended/amazon_amazon_055/ingredients.jpg,benchmark_images_real_extended/amazon_amazon_055/warning.jpg
amazon_amazon_056,"Pampers Training Pants - Easy Ups Boys & Girls Bluey - Size 3T-4T, 124 Count, Children's Potty Underwear",Amazon,non_food,baby_everyday,benchmark_images_real_extended/amazon_amazon_056/front.jpg,benchmark_images_real_extended/amazon_amazon_056/ingredients.jpg,benchmark_images_real_extended/amazon_amazon_056/warning.jpg
amazon_amazon_057,"Pampers Baby Diapers - Swaddlers - Size 5, 132 Count, Ultra Absorbent Disposable Infant Diaper",Amazon,non_food,baby_everyday,benchmark_images_real_extended/amazon_amazon_057/front.jpg,benchmark_images_real_extended/amazon_amazon_057/ingredients.jpg,benchmark_images_real_extended/amazon_amazon_057/warning.jpg
amazon_amazon_058,"Huggies Newborn Diapers, Little Snugglers Baby Diapers, Size Newborn (up to 10 lbs), 31 Count",Amazon,non_food,baby_everyday,benchmark_images_real_extended/amazon_amazon_058/front.jpg,benchmark_images_real_extended/amazon_amazon_058/ingredients.jpg,benchmark_images_real_extended/amazon_amazon_058/warning.jpg
amazon_amazon_059,"The Honest Company Clean Conscious Multi-Use Wipes | Hypoallergenic + Unscented for Sensitive Skin | Over 99% Water, Compostable, Plant Based, Baby Wipes | Pattern Play, 720 Count",Amazon,non_food,baby_everyday,benchmark_images_real_extended/amazon_amazon_059/front.jpg,benchmark_images_real_extended/amazon_amazon_059/ingredients.jpg,benchmark_images_real_extended/amazon_amazon_059/warning.jpg
amazon_amazon_060,"WaterWipes Plastic-Free Original Baby Wipes, 99.9% Water Based Wipes, Unscented & Hypoallergenic for Sensitive Skin, 60 Count (Pack of 12), Packaging May Vary",Amazon,non_food,baby_everyday,benchmark_images_real_extended/amazon_amazon_060/front.jpg,benchmark_images_real_extended/amazon_amazon_060/ingredients.jpg,benchmark_images_real_extended/amazon_amazon_060/warning.jpg
amazon_amazon_061,"Smart Steps Trend Activity Walker, Space Walk Navy",Amazon,non_food,baby_walkers,benchmark_images_real_extended/amazon_amazon_061/front.jpg,benchmark_images_real_extended/amazon_amazon_061/ingredients.jpg,benchmark_images_real_extended/amazon_amazon_061/warning.jpg
amazon_amazon_062,"Smart Steps 3.0 Activity Walker, Emily",Amazon,non_food,baby_walkers,benchmark_images_real_extended/amazon_amazon_062/front.jpg,benchmark_images_real_extended/amazon_amazon_062/ingredients.jpg,benchmark_images_real_extended/amazon_amazon_062/warning.jpg
amazon_amazon_063,"VTech Sit-to-Stand Learning Walker (Frustration Free Packaging), Blue",Amazon,non_food,baby_walkers,benchmark_images_real_extended/amazon_amazon_063/front.jpg,benchmark_images_real_extended/amazon_amazon_063/ingredients.jpg,benchmark_images_real_extended/amazon_amazon_063/warning.jpg
amazon_amazon_064,Bright Starts Disney Baby Mickey Mouse Original Bestie 2-in-1 Baby Activity Walker,Amazon,non_food,baby_walkers,benchmark_images_real_extended/amazon_amazon_064/front.jpg,benchmark_images_real_extended/amazon_amazon_064/ingredients.jpg,benchmark_images_real_extended/amazon_amazon_064/warning.jpg
amazon_amazon_065,"Uuoeebb Baby Walker with Wheels, One-Touch Folding Anti-Roll 8-Wheel Baby Walkers, 7-Speed Height Adjustment",Amazon,non_food,baby_walkers,benchmark_images_real_extended/amazon_amazon_065/front.jpg,benchmark_images_real_extended/amazon_amazon_065/ingredients.jpg,benchmark_images_real_extended/amazon_amazon_065/warning.jpg
amazon_amazon_066,"Boyro Baby Baby Walker, 5-in-1 Baby Walkers for Boys and Girls 6-12 Months with Bouncer, Removable Footrest, Feeding Tray & Music",Amazon,non_food,baby_walkers,benchmark_images_real_extended/amazon_amazon_066/front.jpg,benchmark_images_real_extended/amazon_amazon_066/ingredients.jpg,benchmark_images_real_extended/amazon_amazon_066/warning.jpg
amazon_amazon_067,Baby Walker Head Protector Toddler Adjustable Baby Head Protection Backpack Wear Safety Pad (Flying Dragon),Amazon,non_food,baby_walkers,benchmark_images_real_extended/amazon_amazon_067/front.jpg,benchmark_images_real_extended/amazon_amazon_067/ingredients.jpg,benchmark_images_real_extended/amazon_amazon_067/warning.jpg
amazon_amazon_068,"BABY JOY 4-in-1 Baby Walker, Foldable Activity Walker with Adjustable Height & Speed, Music, Lights, Anti-Rollover",Amazon,non_food,baby_walkers,benchmark_images_real_extended/amazon_amazon_068/front.jpg,benchmark_images_real_extended/amazon_amazon_068/ingredients.jpg,benchmark_images_real_extended/amazon_amazon_068/warning.jpg
amazon_amazon_069,"Hanes Men's Boxer Briefs, Cool Dri Moisture-Wicking Underwear, Cotton No-Ride-up for Men, Multi-Packs",Amazon,non_food,clothing_and_wearables,benchmark_images_real_extended/amazon_amazon_069/front.jpg,benchmark_images_real_extended/amazon_amazon_069/ingredients.jpg,benchmark_images_real_extended/amazon_amazon_069/warning.jpg
amazon_amazon_070,Wrangler Authentics Men's Classic Cargo Stretch Short,Amazon,non_food,clothing_and_wearables,benchmark_images_real_extended/amazon_amazon_070/front.jpg,benchmark_images_real_extended/amazon_amazon_070/ingredients.jpg,benchmark_images_real_extended/amazon_amazon_070/warning.jpg
amazon_amazon_071,"Gildan Men's Crew T-Shirts, Multipack, Style G1100",Amazon,non_food,clothing_and_wearables,benchmark_images_real_extended/amazon_amazon_071/front.jpg,benchmark_images_real_extended/amazon_amazon_071/ingredients.jpg,benchmark_images_real_extended/amazon_amazon_071/warning.jpg
amazon_amazon_072,Crocs Unisex Adult Classic Clog,Amazon,non_food,clothing_and_wearables,benchmark_images_real_extended/amazon_amazon_072/front.jpg,benchmark_images_real_extended/amazon_amazon_072/ingredients.jpg,benchmark_images_real_extended/amazon_amazon_072/warning.jpg
amazon_amazon_073,Nippies Nipple Covers for Women - Sticky Adhesive Silicone Pasties - Reusable Pasty Nipple Cover with Travel Box,Amazon,non_food,clothing_and_wearables,benchmark_images_real_extended/amazon_amazon_073/front.jpg,benchmark_images_real_extended/amazon_amazon_073/ingredients.jpg,benchmark_images_real_extended/amazon_amazon_073/warning.jpg
amazon_amazon_074,"Stanley IceFlow Stainless Steel Tumbler - Vacuum Insulated Water Bottle with Straw Leak Resistant Flip Cold for 12 Hours or Iced for 2 Days, Black 2.0, 30oz",Amazon,non_food,sports_and_hydration,benchmark_images_real_extended/amazon_amazon_074/front.jpg,benchmark_images_real_extended/amazon_amazon_074/ingredients.jpg,benchmark_images_real_extended/amazon_amazon_074/warning.jpg
amazon_amazon_075,Amazon Basics Neoprene Dumbbell Hand Weights for Exercise and Muscle Toning,Amazon,non_food,sports_and_hydration,benchmark_images_real_extended/amazon_amazon_075/front.jpg,benchmark_images_real_extended/amazon_amazon_075/ingredients.jpg,benchmark_images_real_extended/amazon_amazon_075/warning.jpg
amazon_amazon_076,Seago Swim Goggles 2 Pack Anti-Fog Anti-UV Wide View Swimming Goggles for Kids 3-14,Amazon,non_food,sports_and_hydration,benchmark_images_real_extended/amazon_amazon_076/front.jpg,benchmark_images_real_extended/amazon_amazon_076/ingredients.jpg,benchmark_images_real_extended/amazon_amazon_076/warning.jpg
amazon_amazon_077,"Fit Simplify Resistance Loop Exercise Bands with Instruction Guide and Carry Bag, Set of 5",Amazon,non_food,sports_and_hydration,benchmark_images_real_extended/amazon_amazon_077/front.jpg,benchmark_images_real_extended/amazon_amazon_077/ingredients.jpg,benchmark_images_real_extended/amazon_amazon_077/warning.jpg
amazon_amazon_078,"ZELUS Weighted Vest, 6lb/8lb/12lb/16lb/20lb/25lb/30lb Weight Vest with Reflective Stripe for Workout, Strength Training, Running, Fitness, Muscle Building, Weight Loss, Weightlifting",Amazon,non_food,sports_and_hydration,benchmark_images_real_extended/amazon_amazon_078/front.jpg,benchmark_images_real_extended/amazon_amazon_078/ingredients.jpg,benchmark_images_real_extended/amazon_amazon_078/warning.jpg
amazon_amazon_079,"Scotchgard Fabric Water Shield, 13.5 Ounces, Repels Water, Ideal for Couches, Pillows, Furniture, Shoes and More, Long Lasting Protection",Amazon,non_food,fabric_cleaners,benchmark_images_real_extended/amazon_amazon_079/front.jpg,benchmark_images_real_extended/amazon_amazon_079/ingredients.jpg,benchmark_images_real_extended/amazon_amazon_079/warning.jpg
amazon_amazon_080,"Scotchgard Fabric Water Shield, Water Repellent Spray for Spring and Summer Clothing and Household Upholstery Items, Two 10 Oz Cans (Pack of 2)",Amazon,non_food,fabric_cleaners,benchmark_images_real_extended/amazon_amazon_080/front.jpg,benchmark_images_real_extended/amazon_amazon_080/ingredients.jpg,benchmark_images_real_extended/amazon_amazon_080/warning.jpg
amazon_amazon_081,"ForceField Fabric Cleaner Professional Strength, Deeply Penetrates Water Safe Fabric & Fibers of Upholstery, Clothing, Rugs & Carpeting - 22oz",Amazon,non_food,fabric_cleaners,benchmark_images_real_extended/amazon_amazon_081/front.jpg,benchmark_images_real_extended/amazon_amazon_081/ingredients.jpg,benchmark_images_real_extended/amazon_amazon_081/warning.jpg
amazon_amazon_082,"NOYATECH Couch Cleaner and Stain Remover Spray – Professional Strength, Multi-Surface Fabric and Upholstery Cleaner – Pet-Safe, Non-Toxic, Quick-Drying for Couches, Sofas & Car Interiors (32 oz)",Amazon,non_food,fabric_cleaners,benchmark_images_real_extended/amazon_amazon_082/front.jpg,benchmark_images_real_extended/amazon_amazon_082/ingredients.jpg,benchmark_images_real_extended/amazon_amazon_082/warning.jpg
amazon_amazon_083,"Rocco & Roxie Oxy Stain Remover - Oxygen Powered Carpet Cleaner Spray - Spot Cleaner for Upholstery, Couch, Laundry, Rug, Clothes, Car Seat, Mattress, Sofa, and More",Amazon,non_food,fabric_cleaners,benchmark_images_real_extended/amazon_amazon_083/front.jpg,benchmark_images_real_extended/amazon_amazon_083/ingredients.jpg,benchmark_images_real_extended/amazon_amazon_083/warning.jpg
amazon_amazon_084,"Sunbrella Clean Multi-Purpose Fabric Cleaner | All-in-One Solution for Water-Safe Fabrics and Vinyl | Upholstery Cleaner, Removes Stains & Spills | Non-PFAS | 16 fl oz",Amazon,non_food,fabric_cleaners,benchmark_images_real_extended/amazon_amazon_084/front.jpg,benchmark_images_real_extended/amazon_amazon_084/ingredients.jpg,benchmark_images_real_extended/amazon_amazon_084/warning.jpg
amazon_amazon_085,"protectME Fabric Protector and Stain Resistant Spray - Upholstery Fabric Spray for Carpet, Shoes, Couch, Sofa - Non Toxic Water Based Furniture Protector - 25.4 Fl. Oz.",Amazon,non_food,fabric_cleaners,benchmark_images_real_extended/amazon_amazon_085/front.jpg,benchmark_images_real_extended/amazon_amazon_085/ingredients.jpg,benchmark_images_real_extended/amazon_amazon_085/warning.jpg
amazon_amazon_086,"Downy Fabric Softener Liquid, April Fresh Scent, 140 fl oz, 190 Loads, HE Compatible",Amazon,non_food,laundry_softener,benchmark_images_real_extended/amazon_amazon_086/front.jpg,benchmark_images_real_extended/amazon_amazon_086/ingredients.jpg,benchmark_images_real_extended/amazon_amazon_086/warning.jpg
amazon_amazon_087,"Downy Fabric Softener Liquid, Cool Cotton Scent, 140 fl oz, 190 Loads",Amazon,non_food,laundry_softener,benchmark_images_real_extended/amazon_amazon_087/front.jpg,benchmark_images_real_extended/amazon_amazon_087/ingredients.jpg,benchmark_images_real_extended/amazon_amazon_087/warning.jpg
amazon_amazon_088,"Downy Ultra Soft Fabric Softener Liquid, Calm, Lavender and Vanilla Bean, 56 fl oz, 83 Loads, Pack of 2",Amazon,non_food,laundry_softener,benchmark_images_real_extended/amazon_amazon_088/front.jpg,benchmark_images_real_extended/amazon_amazon_088/ingredients.jpg,benchmark_images_real_extended/amazon_amazon_088/warning.jpg
amazon_amazon_089,"Downy Free & Gentle Fabric Softener, Fabric Conditioner, Hypoallergenic, 190 Loads, 140 fl oz",Amazon,non_food,laundry_softener,benchmark_images_real_extended/amazon_amazon_089/front.jpg,benchmark_images_real_extended/amazon_amazon_089/ingredients.jpg,benchmark_images_real_extended/amazon_amazon_089/warning.jpg
amazon_amazon_090,"Gain Fabric Softener, Original Scent, 140 fl oz, 190 Loads, HE Compatible",Amazon,non_food,laundry_softener,benchmark_images_real_extended/amazon_amazon_090/front.jpg,benchmark_images_real_extended/amazon_amazon_090/ingredients.jpg,benchmark_images_real_extended/amazon_amazon_090/warning.jpg
amazon_amazon_091,"Gain + Odor Defense Liquid Fabric Softener, Super Fresh Blast Scent, 140 oz 190 Loads, HE Compatible",Amazon,non_food,laundry_softener,benchmark_images_real_extended/amazon_amazon_091/front.jpg,benchmark_images_real_extended/amazon_amazon_091/ingredients.jpg,benchmark_images_real_extended/amazon_amazon_091/warning.jpg
amazon_amazon_092,"Downy Rinse & Refresh Laundry Odor Remover And Fabric Softener, Cool Cotton, 48 Fl Oz, HE Compatible",Amazon,non_food,laundry_softener,benchmark_images_real_extended/amazon_amazon_092/front.jpg,benchmark_images_real_extended/amazon_amazon_092/ingredients.jpg,benchmark_images_real_extended/amazon_amazon_092/warning.jpg
amazon_amazon_093,"Owala FreeSip Insulated Stainless Steel Water Bottle with Straw, BPA-Free Sports Water Bottle, Great for Travel, 24 Oz, Denim",Amazon,non_food,kitchen_home,benchmark_images_real_extended/amazon_amazon_093/front.jpg,benchmark_images_real_extended/amazon_amazon_093/ingredients.jpg,benchmark_images_real_extended/amazon_amazon_093/warning.jpg
amazon_amazon_094,"Alpha Grillers Meat Thermometer Digital - Instant Read Food Thermometer for Cooking, Grilling, Air Fryer, Griddle",Amazon,non_food,kitchen_home,benchmark_images_real_extended/amazon_amazon_094/front.jpg,benchmark_images_real_extended/amazon_amazon_094/ingredients.jpg,benchmark_images_real_extended/amazon_amazon_094/warning.jpg
amazon_amazon_095,"Etekcity Food Kitchen Scale, Digital Grams and Ounces for Weight Loss, Baking, Cooking, Keto and Meal Prep",Amazon,non_food,kitchen_home,benchmark_images_real_extended/amazon_amazon_095/front.jpg,benchmark_images_real_extended/amazon_amazon_095/ingredients.jpg,benchmark_images_real_extended/amazon_amazon_095/warning.jpg
amazon_amazon_096,"Amazon Basics Digital Kitchen Scale with LCD Display, Batteries Included, Weighs up to 11 pounds, Black and Stainless Steel",Amazon,non_food,kitchen_home,benchmark_images_real_extended/amazon_amazon_096/front.jpg,benchmark_images_real_extended/amazon_amazon_096/ingredients.jpg,benchmark_images_real_extended/amazon_amazon_096/warning.jpg
amazon_amazon_097,"HydroJug Traveler - 40 oz Water Bottle with Handle & Flip Straw - Fits in Cup Holder, Leak Resistant Tumbler",Amazon,non_food,kitchen_home,benchmark_images_real_extended/amazon_amazon_097/front.jpg,benchmark_images_real_extended/amazon_amazon_097/ingredients.jpg,benchmark_images_real_extended/amazon_amazon_097/warning.jpg
amazon_amazon_098,"protectME Fabric Protector and Stain Resistant Spray - Upholstery Fabric Spray for Carpet, Shoes, Couch, Sofa - Non Toxic Water Based Furniture Protector - 25.4 Fl. Oz.",Amazon,non_food,bonus_nonfood_mix,benchmark_images_real_extended/amazon_amazon_098/front.jpg,benchmark_images_real_extended/amazon_amazon_098/ingredients.jpg,benchmark_images_real_extended/amazon_amazon_098/warning.jpg
amazon_amazon_099,"Amazon Brand - Mama Bear Gentle Touch Diapers, Size 5, 132 Count",Amazon,non_food,bonus_nonfood_mix,benchmark_images_real_extended/amazon_amazon_099/front.jpg,benchmark_images_real_extended/amazon_amazon_099/ingredients.jpg,benchmark_images_real_extended/amazon_amazon_099/warning.jpg
amazon_amazon_100,"Sunbrella Clean Multi-Purpose Fabric Cleaner | All-in-One Solution for Water-Safe Fabrics and Vinyl | Upholstery Cleaner, Removes Stains & Spills | Non-PFAS | 16 fl oz",Amazon,non_food,bonus_nonfood_mix,benchmark_images_real_extended/amazon_amazon_100/front.jpg,benchmark_images_real_extended/amazon_amazon_100/ingredients.jpg,benchmark_images_real_extended/amazon_amazon_100/warning.jpg
manifest_amazon_food_img_001,"CELSIUS Assorted Flavors Official Variety Pack, Functional Essential Energy Drinks, 12 Fl Oz (Pack of 12)",Amazon,food,grocery_general,benchmark_images_real_extended/manifest_amazon_food_img_001/front.jpg,benchmark_images_real_extended/manifest_amazon_food_img_001/ingredients.jpg,benchmark_images_real_extended/manifest_amazon_food_img_001/warning.jpg
manifest_amazon_food_img_002,"Nespresso Capsules Vertuo, Variety Pack, Medium and Dark Roast Coffee, 30 Count Coffee Pods, Brews 7.8 oz.",Amazon,food,grocery_general,benchmark_images_real_extended/manifest_amazon_food_img_002/front.jpg,benchmark_images_real_extended/manifest_amazon_food_img_002/ingredients.jpg,benchmark_images_real_extended/manifest_amazon_food_img_002/warning.jpg
manifest_amazon_food_img_003,"Premier Protein Shake, Chocolate, 30g Protein 1g Sugar 24 Vitamins Minerals Nutrients to Support Immune Health, 11.5 fl oz (Pack of 12)",Amazon,food,grocery_general,benchmark_images_real_extended/manifest_amazon_food_img_003/front.jpg,benchmark_images_real_extended/manifest_amazon_food_img_003/ingredients.jpg,benchmark_images_real_extended/manifest_amazon_food_img_003/warning.jpg
manifest_amazon_food_img_004,"Sparkling Ice, Black Raspberry Sparkling Water, Zero Sugar Flavored Water, with Vitamins and Antioxidants, Low Calorie Beverage, 17 fl oz Bottles (Pack of 12)",Amazon,food,grocery_general,benchmark_images_real_extended/manifest_amazon_food_img_004/front.jpg,benchmark_images_real_extended/manifest_amazon_food_img_004/ingredients.jpg,benchmark_images_real_extended/manifest_amazon_food_img_004/warning.jpg
manifest_amazon_food_img_005,"Monster Energy Zero Ultra, Sugar Free Energy Drink, 16 Ounce (Pack of 15)",Amazon,food,grocery_general,benchmark_images_real_extended/manifest_amazon_food_img_005/front.jpg,benchmark_images_real_extended/manifest_amazon_food_img_005/ingredients.jpg,benchmark_images_real_extended/manifest_amazon_food_img_005/warning.jpg
manifest_amazon_food_img_006,"Core Power Protein Shake, Chocolate, 26g Bottle, 14oz, 12 Pack",Amazon,food,grocery_general,benchmark_images_real_extended/manifest_amazon_food_img_006/front.jpg,benchmark_images_real_extended/manifest_amazon_food_img_006/ingredients.jpg,benchmark_images_real_extended/manifest_amazon_food_img_006/warning.jpg
manifest_amazon_food_img_007,"Nature Valley Crunchy Granola Bars, Value Pack, 60 Bars, 44.7 OZ Count (30 Pouches)",Amazon,food,granola_bars,benchmark_images_real_extended/manifest_amazon_food_img_007/front.jpg,benchmark_images_real_extended/manifest_amazon_food_img_007/ingredients.jpg,benchmark_images_real_extended/manifest_amazon_food_img_007/warning.jpg
manifest_amazon_food_img_008,"Nature Valley Crunchy Oats 'n Honey Granola Bars, 60 Bars, 44.7 OZ (30 Pouches)",Amazon,food,granola_bars,benchmark_images_real_extended/manifest_amazon_food_img_008/front.jpg,benchmark_images_real_extended/manifest_amazon_food_img_008/ingredients.jpg,benchmark_images_real_extended/manifest_amazon_food_img_008/warning.jpg
manifest_amazon_food_img_009,"KIND Breakfast Bars, Peanut Butter, Healthy Snacks, Gluten Free, 5g Protein, 6 Count",Amazon,food,granola_bars,benchmark_images_real_extended/manifest_amazon_food_img_009/front.jpg,benchmark_images_real_extended/manifest_amazon_food_img_009/ingredients.jpg,benchmark_images_real_extended/manifest_amazon_food_img_009/warning.jpg
manifest_amazon_food_img_010,"Nature Valley Chewy Granola Bars, Protein, Peanut Butter Dark Chocolate, 15 bars, 21.3 OZ",Amazon,food,granola_bars,benchmark_images_real_extended/manifest_amazon_food_img_010/front.jpg,benchmark_images_real_extended/manifest_amazon_food_img_010/ingredients.jpg,benchmark_images_real_extended/manifest_amazon_food_img_010/warning.jpg
manifest_amazon_food_img_011,CLIF Kid Zbar - Chocolate Brownie - Soft Baked Whole Grain Snack Bars - USDA Organic - Non-GMO - Plant-Based - 1.27 oz. (18 Pack),Amazon,food,granola_bars,benchmark_images_real_extended/manifest_amazon_food_img_011/front.jpg,benchmark_images_real_extended/manifest_amazon_food_img_011/ingredients.jpg,benchmark_images_real_extended/manifest_amazon_food_img_011/warning.jpg
manifest_amazon_food_img_012,"Cascadian Farm Organic Granola with No Added Sugar, Blueberry Vanilla Cereal, Resealable Pouch, 11 oz.",Amazon,food,granola_cereal,benchmark_images_real_extended/manifest_amazon_food_img_012/front.jpg,benchmark_images_real_extended/manifest_amazon_food_img_012/ingredients.jpg,benchmark_images_real_extended/manifest_amazon_food_img_012/warning.jpg
manifest_amazon_food_img_013,"Nature Valley Protein Granola, Oats and Honey Granola, Resealable Snack Pouch, Family Size, 17 oz",Amazon,food,granola_cereal,benchmark_images_real_extended/manifest_amazon_food_img_013/front.jpg,benchmark_images_real_extended/manifest_amazon_food_img_013/ingredients.jpg,benchmark_images_real_extended/manifest_amazon_food_img_013/warning.jpg
manifest_amazon_food_img_014,"Cascadian Farm Organic Granola, Oats and Honey Cereal, Resealable Pouch, 11 oz.",Amazon,food,granola_cereal,benchmark_images_real_extended/manifest_amazon_food_img_014/front.jpg,benchmark_images_real_extended/manifest_amazon_food_img_014/ingredients.jpg,benchmark_images_real_extended/manifest_amazon_food_img_014/warning.jpg
manifest_amazon_food_img_015,"Purely Elizabeth Organic Original, Ancient Grain Granola, Gluten-Free, Non-GMO (3 Ct, 12oz Bags)",Amazon,food,granola_cereal,benchmark_images_real_extended/manifest_amazon_food_img_015/front.jpg,benchmark_images_real_extended/manifest_amazon_food_img_015/ingredients.jpg,benchmark_images_real_extended/manifest_amazon_food_img_015/warning.jpg
manifest_amazon_food_img_016,"Quaker Simply Granola Honey & Almond, (Pack of 2)",Amazon,food,granola_cereal,benchmark_images_real_extended/manifest_amazon_food_img_016/front.jpg,benchmark_images_real_extended/manifest_amazon_food_img_016/ingredients.jpg,benchmark_images_real_extended/manifest_amazon_food_img_016/warning.jpg
manifest_amazon_food_img_017,"Lavazza Super Crema Whole Bean Coffee, Medium Espresso Roast, Arabica and Robusta Blend, 2.2 lb Bag, Package May Vary (Pack of 1)",Amazon,food,whole_coffee_beans,benchmark_images_real_extended/manifest_amazon_food_img_017/front.jpg,benchmark_images_real_extended/manifest_amazon_food_img_017/ingredients.jpg,benchmark_images_real_extended/manifest_amazon_food_img_017/warning.jpg
manifest_amazon_food_img_018,"Lavazza Espresso Whole Bean Coffee, Medium Roast, 100% Arabica, 2.2 lb Bag (Pack of 1)",Amazon,food,whole_coffee_beans,benchmark_images_real_extended/manifest_amazon_food_img_018/front.jpg,benchmark_images_real_extended/manifest_amazon_food_img_018/ingredients.jpg,benchmark_images_real_extended/manifest_amazon_food_img_018/warning.jpg
manifest_amazon_food_img_019,"Illy Classico Whole Bean Coffee, Medium Roast, Classic Roast With Notes Of Caramel, Orange Blossom And Jasmine, 100% Arabica Coffee, No Preservatives, 8.8 Ounce Can (Pack Of 1)",Amazon,food,whole_coffee_beans,benchmark_images_real_extended/manifest_amazon_food_img_019/front.jpg,benchmark_images_real_extended/manifest_amazon_food_img_019/ingredients.jpg,benchmark_images_real_extended/manifest_amazon_food_img_019/warning.jpg
manifest_amazon_food_img_020,"Amazon Fresh, Colombia Whole Bean Coffee Medium Roast, 32 Oz",Amazon,food,whole_coffee_beans,benchmark_images_real_extended/manifest_amazon_food_img_020/front.jpg,benchmark_images_real_extended/manifest_amazon_food_img_020/ingredients.jpg,benchmark_images_real_extended/manifest_amazon_food_img_020/warning.jpg
manifest_amazon_food_img_021,"Lavazza Espresso Whole Bean Coffee, Medium Roast, 100% Arabica, 2.2 lb Bag",Amazon,food,whole_coffee_beans,benchmark_images_real_extended/manifest_amazon_food_img_021/front.jpg,benchmark_images_real_extended/manifest_amazon_food_img_021/ingredients.jpg,benchmark_images_real_extended/manifest_amazon_food_img_021/warning.jpg
manifest_amazon_food_img_022,"DAVID Roasted and Salted Jumbo Sunflower Seeds, Cracked Pepper Flavor, 5.25oz.",Amazon,food,sunflower_seeds,benchmark_images_real_extended/manifest_amazon_food_img_022/front.jpg,benchmark_images_real_extended/manifest_amazon_food_img_022/ingredients.jpg,benchmark_images_real_extended/manifest_amazon_food_img_022/warning.jpg
manifest_amazon_food_img_023,"DAVID Roasted and Salted Reduced Sodium Sunflower Seeds, Original Flavor, 16oz.",Amazon,food,sunflower_seeds,benchmark_images_real_extended/manifest_amazon_food_img_023/front.jpg,benchmark_images_real_extended/manifest_amazon_food_img_023/ingredients.jpg,benchmark_images_real_extended/manifest_amazon_food_img_023/warning.jpg
manifest_amazon_food_img_024,"Elan Organic Raw Sunflower Seeds, 7.1 oz, Unsalted Kernels, Shelled Seeds, No Shell, Non-GMO, Vegan, Gluten-Free, Kosher, All Natural Snacks & Toppings",Amazon,food,sunflower_seeds,benchmark_images_real_extended/manifest_amazon_food_img_024/front.jpg,benchmark_images_real_extended/manifest_amazon_food_img_024/ingredients.jpg,benchmark_images_real_extended/manifest_amazon_food_img_024/warning.jpg
manifest_amazon_food_img_025,"BIGS Sunflower Seeds, Vlasic Dill Pickle Flavor, 5.35 oz.",Amazon,food,sunflower_seeds,benchmark_images_real_extended/manifest_amazon_food_img_025/front.jpg,benchmark_images_real_extended/manifest_amazon_food_img_025/ingredients.jpg,benchmark_images_real_extended/manifest_amazon_food_img_025/warning.jpg
manifest_weee_001,Hema Taro mochi ice cream 200g,SayWeee,food,weee_dessert,benchmark_images_real_extended/manifest_weee_001/front.jpg,benchmark_images_real_extended/manifest_weee_001/ingredients.jpg,benchmark_images_real_extended/manifest_weee_001/warning.jpg
manifest_weee_002,Bubbies Mochi Ice Cream Cookies & Cream 7.5 oz,SayWeee,food,weee_dessert,benchmark_images_real_extended/manifest_weee_002/front.jpg,benchmark_images_real_extended/manifest_weee_002/ingredients.jpg,benchmark_images_real_extended/manifest_weee_002/warning.jpg
manifest_weee_003,Instant Noodles 480 g,SayWeee,food,weee_noodles,benchmark_images_real_extended/manifest_weee_003/front.jpg,benchmark_images_real_extended/manifest_weee_003/ingredients.jpg,benchmark_images_real_extended/manifest_weee_003/warning.jpg
manifest_weee_004,Shirakiku Mochi Ice Cream Black Sesame 6pcs 8.4 oz,SayWeee,food,weee_dessert,benchmark_images_real_extended/manifest_weee_004/front.jpg,benchmark_images_real_extended/manifest_weee_004/ingredients.jpg,benchmark_images_real_extended/manifest_weee_004/warning.jpg
manifest_weee_005,Hata Ramune Original (Japan),SayWeee,food,weee_beverage,benchmark_images_real_extended/manifest_weee_005/front.jpg,benchmark_images_real_extended/manifest_weee_005/ingredients.jpg,benchmark_images_real_extended/manifest_weee_005/warning.jpg
manifest_weee_006,Bak Kut Teh Flavor Instant Noodles,SayWeee,food,weee_noodles,benchmark_images_real_extended/manifest_weee_006/front.jpg,benchmark_images_real_extended/manifest_weee_006/ingredients.jpg,benchmark_images_real_extended/manifest_weee_006/warning.jpg
manifest_weee_007,Mikawaya Mochi Ice Cream Green Tea 6pc,SayWeee,food,weee_dessert,benchmark_images_real_extended/manifest_weee_007/front.jpg,benchmark_images_real_extended/manifest_weee_007/ingredients.jpg,benchmark_images_real_extended/manifest_weee_007/warning.jpg
manifest_weee_008,Amazing Matcha Mochi Ice Cream 473 ml,SayWeee,food,weee_dessert,benchmark_images_real_extended/manifest_weee_008/front.jpg,benchmark_images_real_extended/manifest_weee_008/ingredients.jpg,benchmark_images_real_extended/manifest_weee_008/warning.jpg
manifest_weee_009,Bubbies Mochi Ice Cream Passion Fruit 7.5 oz,SayWeee,food,weee_dessert,benchmark_images_real_extended/manifest_weee_009/front.jpg,benchmark_images_real_extended/manifest_weee_009/ingredients.jpg,benchmark_images_real_extended/manifest_weee_009/warning.jpg
manifest_weee_010,"Imuraya Soft Mochi Ice Cream, Red bean and Matcha Flavor 4pk 320 ml",SayWeee,food,weee_dessert,benchmark_images_real_extended/manifest_weee_010/front.jpg,benchmark_images_real_extended/manifest_weee_010/ingredients.jpg,benchmark_images_real_extended/manifest_weee_010/warning.jpg
manifest_weee_011,Sangaria Ramune Original Japanese Soda 6.7 fl oz,SayWeee,food,weee_beverage,benchmark_images_real_extended/manifest_weee_011/front.jpg,benchmark_images_real_extended/manifest_weee_011/ingredients.jpg,benchmark_images_real_extended/manifest_weee_011/warning.jpg
manifest_weee_012,Shirakiku Mochi Ice Cream Matcha 6pcs 8.4 oz,SayWeee,food,weee_dessert,benchmark_images_real_extended/manifest_weee_012/front.jpg,benchmark_images_real_extended/manifest_weee_012/ingredients.jpg,benchmark_images_real_extended/manifest_weee_012/warning.jpg
manifest_weee_013,My Mochi ice cream Mango 7.5 oz,SayWeee,food,weee_dessert,benchmark_images_real_extended/manifest_weee_013/front.jpg,benchmark_images_real_extended/manifest_weee_013/ingredients.jpg,benchmark_images_real_extended/manifest_weee_013/warning.jpg
manifest_weee_014,My Mochi ice cream Matcha Green Tea 7.5 oz,SayWeee,food,weee_dessert,benchmark_images_real_extended/manifest_weee_014/front.jpg,benchmark_images_real_extended/manifest_weee_014/ingredients.jpg,benchmark_images_real_extended/manifest_weee_014/warning.jpg
manifest_weee_015,Lychee Green Tea,SayWeee,food,weee_beverage,benchmark_images_real_extended/manifest_weee_015/front.jpg,benchmark_images_real_extended/manifest_weee_015/ingredients.jpg,benchmark_images_real_extended/manifest_weee_015/warning.jpg
manifest_weee_016,Itoen Oi Ocha Tea Bag Green Tea 0.07 oz*20 pack,SayWeee,food,weee_tea,benchmark_images_real_extended/manifest_weee_016/front.jpg,benchmark_images_real_extended/manifest_weee_016/ingredients.jpg,benchmark_images_real_extended/manifest_weee_016/warning.jpg
manifest_weee_017,Itoen Oi Ocha Green Tea Unsweetened 67.6 fl oz,SayWeee,food,weee_tea,benchmark_images_real_extended/manifest_weee_017/front.jpg,benchmark_images_real_extended/manifest_weee_017/ingredients.jpg,benchmark_images_real_extended/manifest_weee_017/warning.jpg
manifest_weee_018,Itoen Jasmine Green Tea Unsweetened 67.6 fl oz,SayWeee,food,weee_tea,benchmark_images_real_extended/manifest_weee_018/front.jpg,benchmark_images_real_extended/manifest_weee_018/ingredients.jpg,benchmark_images_real_extended/manifest_weee_018/warning.jpg
manifest_weee_019,Good Day Fresh Shrimp Chips 80g,SayWeee,food,weee_snacks,benchmark_images_real_extended/manifest_weee_019/front.jpg,benchmark_images_real_extended/manifest_weee_019/ingredients.jpg,benchmark_images_real_extended/manifest_weee_019/warning.jpg
manifest_weee_020,Dragonfly Shrimp Chips 210 g,SayWeee,food,weee_snacks,benchmark_images_real_extended/manifest_weee_020/front.jpg,benchmark_images_real_extended/manifest_weee_020/ingredients.jpg,benchmark_images_real_extended/manifest_weee_020/warning.jpg
manifest_weee_021,J-basket Shrimp Chips Spicy Flavor,SayWeee,food,weee_snacks,benchmark_images_real_extended/manifest_weee_021/front.jpg,benchmark_images_real_extended/manifest_weee_021/ingredients.jpg,benchmark_images_real_extended/manifest_weee_021/warning.jpg
manifest_weee_022,Crab Shrimp Chips,SayWeee,food,weee_snacks,benchmark_images_real_extended/manifest_weee_022/front.jpg,benchmark_images_real_extended/manifest_weee_022/ingredients.jpg,benchmark_images_real_extended/manifest_weee_022/warning.jpg
manifest_weee_023,TH Green Tea Natural Lemon Flavor,SayWeee,food,weee_beverage,benchmark_images_real_extended/manifest_weee_023/front.jpg,benchmark_images_real_extended/manifest_weee_023/ingredients.jpg,benchmark_images_real_extended/manifest_weee_023/warning.jpg
manifest_weee_024,Zero Degrees Khong Do Lemon Flavored Green Tea 15.4 fl oz,SayWeee,food,weee_beverage,benchmark_images_real_extended/manifest_weee_024/front.jpg,benchmark_images_real_extended/manifest_weee_024/ingredients.jpg,benchmark_images_real_extended/manifest_weee_024/warning.jpg
manifest_weee_025,Yamamotoyama Sencha Green Tea Bag 0.07 oz*16 pack,SayWeee,food,weee_tea,benchmark_images_real_extended/manifest_weee_025/front.jpg,benchmark_images_real_extended/manifest_weee_025/ingredients.jpg,benchmark_images_real_extended/manifest_weee_025/warning.jpg
manifest_amazon_nonfood_img_001,"Huggies Simply Clean Unscented Baby Diaper Wipes, 11 Flip-Top Packs (704 Wipes Total), Packaging May Vary",Amazon,non_food,baby_everyday,benchmark_images_real_extended/manifest_amazon_nonfood_img_001/front.jpg,benchmark_images_real_extended/manifest_amazon_nonfood_img_001/ingredients.jpg,benchmark_images_real_extended/manifest_amazon_nonfood_img_001/warning.jpg
manifest_amazon_nonfood_img_002,"Gaiatop Mini Portable Stroller Fan, Battery Operated Small Clip on, Rechargeable, 360° Rotate Flexible Tripod",Amazon,non_food,baby_everyday,benchmark_images_real_extended/manifest_amazon_nonfood_img_002/front.jpg,benchmark_images_real_extended/manifest_amazon_nonfood_img_002/ingredients.jpg,benchmark_images_real_extended/manifest_amazon_nonfood_img_002/warning.jpg
manifest_amazon_nonfood_img_003,"Amazon Brand - Mama Bear Gentle Touch Diapers, Size 5, 132 Count",Amazon,non_food,baby_everyday,benchmark_images_real_extended/manifest_amazon_nonfood_img_003/front.jpg,benchmark_images_real_extended/manifest_amazon_nonfood_img_003/ingredients.jpg,benchmark_images_real_extended/manifest_amazon_nonfood_img_003/warning.jpg
manifest_amazon_nonfood_img_004,"Huggies Natural Care Sensitive Baby Wipes, Unscented, Hypoallergenic, 99% Purified Water, 12 Flip-Top Packs (768 Wipes Total), Packaging May Vary",Amazon,non_food,baby_everyday,benchmark_images_real_extended/manifest_amazon_nonfood_img_004/front.jpg,benchmark_images_real_extended/manifest_amazon_nonfood_img_004/ingredients.jpg,benchmark_images_real_extended/manifest_amazon_nonfood_img_004/warning.jpg
manifest_amazon_nonfood_img_005,"Dr. Brown’s Natural Flow Level 2 Narrow Baby Bottle Silicone Nipple, Medium Flow, 3m+, 100% Silicone Bottle Nipple, 6 Count",Amazon,non_food,baby_everyday,benchmark_images_real_extended/manifest_amazon_nonfood_img_005/front.jpg,benchmark_images_real_extended/manifest_amazon_nonfood_img_005/ingredients.jpg,benchmark_images_real_extended/manifest_amazon_nonfood_img_005/warning.jpg
manifest_amazon_nonfood_img_006,"Pampers Training Pants - Easy Ups Boys & Girls Bluey - Size 3T-4T, 124 Count, Children's Potty Underwear",Amazon,non_food,baby_everyday,benchmark_images_real_extended/manifest_amazon_nonfood_img_006/front.jpg,benchmark_images_real_extended/manifest_amazon_nonfood_img_006/ingredients.jpg,benchmark_images_real_extended/manifest_amazon_nonfood_img_006/warning.jpg
manifest_amazon_nonfood_img_007,"Pampers Baby Diapers - Swaddlers - Size 5, 132 Count, Ultra Absorbent Disposable Infant Diaper",Amazon,non_food,baby_everyday,benchmark_images_real_extended/manifest_amazon_nonfood_img_007/front.jpg,benchmark_images_real_extended/manifest_amazon_nonfood_img_007/ingredients.jpg,benchmark_images_real_extended/manifest_amazon_nonfood_img_007/warning.jpg
manifest_amazon_nonfood_img_008,"Huggies Newborn Diapers, Little Snugglers Baby Diapers, Size Newborn (up to 10 lbs), 31 Count",Amazon,non_food,baby_everyday,benchmark_images_real_extended/manifest_amazon_nonfood_img_008/front.jpg,benchmark_images_real_extended/manifest_amazon_nonfood_img_008/ingredients.jpg,benchmark_images_real_extended/manifest_amazon_nonfood_img_008/warning.jpg
manifest_amazon_nonfood_img_009,"The Honest Company Clean Conscious Multi-Use Wipes | Hypoallergenic + Unscented for Sensitive Skin | Over 99% Water, Compostable, Plant Based, Baby Wipes | Pattern Play, 720 Count",Amazon,non_food,baby_everyday,benchmark_images_real_extended/manifest_amazon_nonfood_img_009/front.jpg,benchmark_images_real_extended/manifest_amazon_nonfood_img_009/ingredients.jpg,benchmark_images_real_extended/manifest_amazon_nonfood_img_009/warning.jpg
manifest_amazon_nonfood_img_010,"WaterWipes Plastic-Free Original Baby Wipes, 99.9% Water Based Wipes, Unscented & Hypoallergenic for Sensitive Skin, 60 Count (Pack of 12), Packaging May Vary",Amazon,non_food,baby_everyday,benchmark_images_real_extended/manifest_amazon_nonfood_img_010/front.jpg,benchmark_images_real_extended/manifest_amazon_nonfood_img_010/ingredients.jpg,benchmark_images_real_extended/manifest_amazon_nonfood_img_010/warning.jpg
manifest_amazon_nonfood_img_011,"Smart Steps Trend Activity Walker, Space Walk Navy",Amazon,non_food,baby_walkers,benchmark_images_real_extended/manifest_amazon_nonfood_img_011/front.jpg,benchmark_images_real_extended/manifest_amazon_nonfood_img_011/ingredients.jpg,benchmark_images_real_extended/manifest_amazon_nonfood_img_011/warning.jpg
manifest_amazon_nonfood_img_012,"Smart Steps 3.0 Activity Walker, Emily",Amazon,non_food,baby_walkers,benchmark_images_real_extended/manifest_amazon_nonfood_img_012/front.jpg,benchmark_images_real_extended/manifest_amazon_nonfood_img_012/ingredients.jpg,benchmark_images_real_extended/manifest_amazon_nonfood_img_012/warning.jpg
manifest_amazon_nonfood_img_013,"VTech Sit-to-Stand Learning Walker (Frustration Free Packaging), Blue",Amazon,non_food,baby_walkers,benchmark_images_real_extended/manifest_amazon_nonfood_img_013/front.jpg,benchmark_images_real_extended/manifest_amazon_nonfood_img_013/ingredients.jpg,benchmark_images_real_extended/manifest_amazon_nonfood_img_013/warning.jpg
manifest_amazon_nonfood_img_014,Bright Starts Disney Baby Mickey Mouse Original Bestie 2-in-1 Baby Activity Walker,Amazon,non_food,baby_walkers,benchmark_images_real_extended/manifest_amazon_nonfood_img_014/front.jpg,benchmark_images_real_extended/manifest_amazon_nonfood_img_014/ingredients.jpg,benchmark_images_real_extended/manifest_amazon_nonfood_img_014/warning.jpg
manifest_amazon_nonfood_img_015,"Uuoeebb Baby Walker with Wheels, One-Touch Folding Anti-Roll 8-Wheel Baby Walkers, 7-Speed Height Adjustment",Amazon,non_food,baby_walkers,benchmark_images_real_extended/manifest_amazon_nonfood_img_015/front.jpg,benchmark_images_real_extended/manifest_amazon_nonfood_img_015/ingredients.jpg,benchmark_images_real_extended/manifest_amazon_nonfood_img_015/warning.jpg
manifest_amazon_nonfood_img_016,"Boyro Baby Baby Walker, 5-in-1 Baby Walkers for Boys and Girls 6-12 Months with Bouncer, Removable Footrest, Feeding Tray & Music",Amazon,non_food,baby_walkers,benchmark_images_real_extended/manifest_amazon_nonfood_img_016/front.jpg,benchmark_images_real_extended/manifest_amazon_nonfood_img_016/ingredients.jpg,benchmark_images_real_extended/manifest_amazon_nonfood_img_016/warning.jpg
manifest_amazon_nonfood_img_017,Baby Walker Head Protector Toddler Adjustable Baby Head Protection Backpack Wear Safety Pad (Flying Dragon),Amazon,non_food,baby_walkers,benchmark_images_real_extended/manifest_amazon_nonfood_img_017/front.jpg,benchmark_images_real_extended/manifest_amazon_nonfood_img_017/ingredients.jpg,benchmark_images_real_extended/manifest_amazon_nonfood_img_017/warning.jpg
manifest_amazon_nonfood_img_018,"BABY JOY 4-in-1 Baby Walker, Foldable Activity Walker with Adjustable Height & Speed, Music, Lights, Anti-Rollover",Amazon,non_food,baby_walkers,benchmark_images_real_extended/manifest_amazon_nonfood_img_018/front.jpg,benchmark_images_real_extended/manifest_amazon_nonfood_img_018/ingredients.jpg,benchmark_images_real_extended/manifest_amazon_nonfood_img_018/warning.jpg
manifest_amazon_nonfood_img_019,"Hanes Men's Boxer Briefs, Cool Dri Moisture-Wicking Underwear, Cotton No-Ride-up for Men, Multi-Packs",Amazon,non_food,clothing_and_wearables,benchmark_images_real_extended/manifest_amazon_nonfood_img_019/front.jpg,benchmark_images_real_extended/manifest_amazon_nonfood_img_019/ingredients.jpg,benchmark_images_real_extended/manifest_amazon_nonfood_img_019/warning.jpg
manifest_amazon_nonfood_img_020,Wrangler Authentics Men's Classic Cargo Stretch Short,Amazon,non_food,clothing_and_wearables,benchmark_images_real_extended/manifest_amazon_nonfood_img_020/front.jpg,benchmark_images_real_extended/manifest_amazon_nonfood_img_020/ingredients.jpg,benchmark_images_real_extended/manifest_amazon_nonfood_img_020/warning.jpg
manifest_amazon_nonfood_img_021,"Gildan Men's Crew T-Shirts, Multipack, Style G1100",Amazon,non_food,clothing_and_wearables,benchmark_images_real_extended/manifest_amazon_nonfood_img_021/front.jpg,benchmark_images_real_extended/manifest_amazon_nonfood_img_021/ingredients.jpg,benchmark_images_real_extended/manifest_amazon_nonfood_img_021/warning.jpg
manifest_amazon_nonfood_img_022,Crocs Unisex Adult Classic Clog,Amazon,non_food,clothing_and_wearables,benchmark_images_real_extended/manifest_amazon_nonfood_img_022/front.jpg,benchmark_images_real_extended/manifest_amazon_nonfood_img_022/ingredients.jpg,benchmark_images_real_extended/manifest_amazon_nonfood_img_022/warning.jpg
manifest_amazon_nonfood_img_023,Nippies Nipple Covers for Women - Sticky Adhesive Silicone Pasties - Reusable Pasty Nipple Cover with Travel Box,Amazon,non_food,clothing_and_wearables,benchmark_images_real_extended/manifest_amazon_nonfood_img_023/front.jpg,benchmark_images_real_extended/manifest_amazon_nonfood_img_023/ingredients.jpg,benchmark_images_real_extended/manifest_amazon_nonfood_img_023/warning.jpg
manifest_amazon_nonfood_img_024,"Stanley IceFlow Stainless Steel Tumbler - Vacuum Insulated Water Bottle with Straw Leak Resistant Flip Cold for 12 Hours or Iced for 2 Days, Black 2.0, 30oz",Amazon,non_food,sports_and_hydration,benchmark_images_real_extended/manifest_amazon_nonfood_img_024/front.jpg,benchmark_images_real_extended/manifest_amazon_nonfood_img_024/ingredients.jpg,benchmark_images_real_extended/manifest_amazon_nonfood_img_024/warning.jpg
manifest_amazon_nonfood_img_025,Amazon Basics Neoprene Dumbbell Hand Weights for Exercise and Muscle Toning,Amazon,non_food,sports_and_hydration,benchmark_images_real_extended/manifest_amazon_nonfood_img_025/front.jpg,benchmark_images_real_extended/manifest_amazon_nonfood_img_025/ingredients.jpg,benchmark_images_real_extended/manifest_amazon_nonfood_img_025/warning.jpg
manifest_amazon_nonfood_img_026,Seago Swim Goggles 2 Pack Anti-Fog Anti-UV Wide View Swimming Goggles for Kids 3-14,Amazon,non_food,sports_and_hydration,benchmark_images_real_extended/manifest_amazon_nonfood_img_026/front.jpg,benchmark_images_real_extended/manifest_amazon_nonfood_img_026/ingredients.jpg,benchmark_images_real_extended/manifest_amazon_nonfood_img_026/warning.jpg
manifest_amazon_nonfood_img_027,"Fit Simplify Resistance Loop Exercise Bands with Instruction Guide and Carry Bag, Set of 5",Amazon,non_food,sports_and_hydration,benchmark_images_real_extended/manifest_amazon_nonfood_img_027/front.jpg,benchmark_images_real_extended/manifest_amazon_nonfood_img_027/ingredients.jpg,benchmark_images_real_extended/manifest_amazon_nonfood_img_027/warning.jpg
manifest_amazon_nonfood_img_028,"ZELUS Weighted Vest, 6lb/8lb/12lb/16lb/20lb/25lb/30lb Weight Vest with Reflective Stripe for Workout, Strength Training, Running, Fitness, Muscle Building, Weight Loss, Weightlifting",Amazon,non_food,sports_and_hydration,benchmark_images_real_extended/manifest_amazon_nonfood_img_028/front.jpg,benchmark_images_real_extended/manifest_amazon_nonfood_img_028/ingredients.jpg,benchmark_images_real_extended/manifest_amazon_nonfood_img_028/warning.jpg
manifest_amazon_nonfood_img_029,"Scotchgard Fabric Water Shield, 13.5 Ounces, Repels Water, Ideal for Couches, Pillows, Furniture, Shoes and More, Long Lasting Protection",Amazon,non_food,fabric_cleaners,benchmark_images_real_extended/manifest_amazon_nonfood_img_029/front.jpg,benchmark_images_real_extended/manifest_amazon_nonfood_img_029/ingredients.jpg,benchmark_images_real_extended/manifest_amazon_nonfood_img_029/warning.jpg
manifest_amazon_nonfood_img_030,"Scotchgard Fabric Water Shield, Water Repellent Spray for Spring and Summer Clothing and Household Upholstery Items, Two 10 Oz Cans (Pack of 2)",Amazon,non_food,fabric_cleaners,benchmark_images_real_extended/manifest_amazon_nonfood_img_030/front.jpg,benchmark_images_real_extended/manifest_amazon_nonfood_img_030/ingredients.jpg,benchmark_images_real_extended/manifest_amazon_nonfood_img_030/warning.jpg
manifest_amazon_nonfood_img_031,"ForceField Fabric Cleaner Professional Strength, Deeply Penetrates Water Safe Fabric & Fibers of Upholstery, Clothing, Rugs & Carpeting - 22oz",Amazon,non_food,fabric_cleaners,benchmark_images_real_extended/manifest_amazon_nonfood_img_031/front.jpg,benchmark_images_real_extended/manifest_amazon_nonfood_img_031/ingredients.jpg,benchmark_images_real_extended/manifest_amazon_nonfood_img_031/warning.jpg
manifest_amazon_nonfood_img_032,"NOYATECH Couch Cleaner and Stain Remover Spray – Professional Strength, Multi-Surface Fabric and Upholstery Cleaner – Pet-Safe, Non-Toxic, Quick-Drying for Couches, Sofas & Car Interiors (32 oz)",Amazon,non_food,fabric_cleaners,benchmark_images_real_extended/manifest_amazon_nonfood_img_032/front.jpg,benchmark_images_real_extended/manifest_amazon_nonfood_img_032/ingredients.jpg,benchmark_images_real_extended/manifest_amazon_nonfood_img_032/warning.jpg
manifest_amazon_nonfood_img_033,"Rocco & Roxie Oxy Stain Remover - Oxygen Powered Carpet Cleaner Spray - Spot Cleaner for Upholstery, Couch, Laundry, Rug, Clothes, Car Seat, Mattress, Sofa, and More",Amazon,non_food,fabric_cleaners,benchmark_images_real_extended/manifest_amazon_nonfood_img_033/front.jpg,benchmark_images_real_extended/manifest_amazon_nonfood_img_033/ingredients.jpg,benchmark_images_real_extended/manifest_amazon_nonfood_img_033/warning.jpg
manifest_amazon_nonfood_img_034,"Sunbrella Clean Multi-Purpose Fabric Cleaner | All-in-One Solution for Water-Safe Fabrics and Vinyl | Upholstery Cleaner, Removes Stains & Spills | Non-PFAS | 16 fl oz",Amazon,non_food,fabric_cleaners,benchmark_images_real_extended/manifest_amazon_nonfood_img_034/front.jpg,benchmark_images_real_extended/manifest_amazon_nonfood_img_034/ingredients.jpg,benchmark_images_real_extended/manifest_amazon_nonfood_img_034/warning.jpg
manifest_amazon_nonfood_img_035,"protectME Fabric Protector and Stain Resistant Spray - Upholstery Fabric Spray for Carpet, Shoes, Couch, Sofa - Non Toxic Water Based Furniture Protector - 25.4 Fl. Oz.",Amazon,non_food,fabric_cleaners,benchmark_images_real_extended/manifest_amazon_nonfood_img_035/front.jpg,benchmark_images_real_extended/manifest_amazon_nonfood_img_035/ingredients.jpg,benchmark_images_real_extended/manifest_amazon_nonfood_img_035/warning.jpg
manifest_amazon_nonfood_img_036,"Downy Fabric Softener Liquid, April Fresh Scent, 140 fl oz, 190 Loads, HE Compatible",Amazon,non_food,laundry_softener,benchmark_images_real_extended/manifest_amazon_nonfood_img_036/front.jpg,benchmark_images_real_extended/manifest_amazon_nonfood_img_036/ingredients.jpg,benchmark_images_real_extended/manifest_amazon_nonfood_img_036/warning.jpg
manifest_amazon_nonfood_img_037,"Downy Fabric Softener Liquid, Cool Cotton Scent, 140 fl oz, 190 Loads",Amazon,non_food,laundry_softener,benchmark_images_real_extended/manifest_amazon_nonfood_img_037/front.jpg,benchmark_images_real_extended/manifest_amazon_nonfood_img_037/ingredients.jpg,benchmark_images_real_extended/manifest_amazon_nonfood_img_037/warning.jpg
manifest_amazon_nonfood_img_038,"Downy Ultra Soft Fabric Softener Liquid, Calm, Lavender and Vanilla Bean, 56 fl oz, 83 Loads, Pack of 2",Amazon,non_food,laundry_softener,benchmark_images_real_extended/manifest_amazon_nonfood_img_038/front.jpg,benchmark_images_real_extended/manifest_amazon_nonfood_img_038/ingredients.jpg,benchmark_images_real_extended/manifest_amazon_nonfood_img_038/warning.jpg
manifest_amazon_nonfood_img_039,"Downy Free & Gentle Fabric Softener, Fabric Conditioner, Hypoallergenic, 190 Loads, 140 fl oz",Amazon,non_food,laundry_softener,benchmark_images_real_extended/manifest_amazon_nonfood_img_039/front.jpg,benchmark_images_real_extended/manifest_amazon_nonfood_img_039/ingredients.jpg,benchmark_images_real_extended/manifest_amazon_nonfood_img_039/warning.jpg
manifest_amazon_nonfood_img_040,"Gain Fabric Softener, Original Scent, 140 fl oz, 190 Loads, HE Compatible",Amazon,non_food,laundry_softener,benchmark_images_real_extended/manifest_amazon_nonfood_img_040/front.jpg,benchmark_images_real_extended/manifest_amazon_nonfood_img_040/ingredients.jpg,benchmark_images_real_extended/manifest_amazon_nonfood_img_040/warning.jpg
manifest_amazon_nonfood_img_041,"Gain + Odor Defense Liquid Fabric Softener, Super Fresh Blast Scent, 140 oz 190 Loads, HE Compatible",Amazon,non_food,laundry_softener,benchmark_images_real_extended/manifest_amazon_nonfood_img_041/front.jpg,benchmark_images_real_extended/manifest_amazon_nonfood_img_041/ingredients.jpg,benchmark_images_real_extended/manifest_amazon_nonfood_img_041/warning.jpg
manifest_amazon_nonfood_img_042,"Downy Rinse & Refresh Laundry Odor Remover And Fabric Softener, Cool Cotton, 48 Fl Oz, HE Compatible",Amazon,non_food,laundry_softener,benchmark_images_real_extended/manifest_amazon_nonfood_img_042/front.jpg,benchmark_images_real_extended/manifest_amazon_nonfood_img_042/ingredients.jpg,benchmark_images_real_extended/manifest_amazon_nonfood_img_042/warning.jpg
manifest_amazon_nonfood_img_043,"Owala FreeSip Insulated Stainless Steel Water Bottle with Straw, BPA-Free Sports Water Bottle, Great for Travel, 24 Oz, Denim",Amazon,non_food,kitchen_home,benchmark_images_real_extended/manifest_amazon_nonfood_img_043/front.jpg,benchmark_images_real_extended/manifest_amazon_nonfood_img_043/ingredients.jpg,benchmark_images_real_extended/manifest_amazon_nonfood_img_043/warning.jpg
manifest_amazon_nonfood_img_044,"Alpha Grillers Meat Thermometer Digital - Instant Read Food Thermometer for Cooking, Grilling, Air Fryer, Griddle",Amazon,non_food,kitchen_home,benchmark_images_real_extended/manifest_amazon_nonfood_img_044/front.jpg,benchmark_images_real_extended/manifest_amazon_nonfood_img_044/ingredients.jpg,benchmark_images_real_extended/manifest_amazon_nonfood_img_044/warning.jpg
manifest_amazon_nonfood_img_045,"Etekcity Food Kitchen Scale, Digital Grams and Ounces for Weight Loss, Baking, Cooking, Keto and Meal Prep",Amazon,non_food,kitchen_home,benchmark_images_real_extended/manifest_amazon_nonfood_img_045/front.jpg,benchmark_images_real_extended/manifest_amazon_nonfood_img_045/ingredients.jpg,benchmark_images_real_extended/manifest_amazon_nonfood_img_045/warning.jpg
manifest_amazon_nonfood_img_046,"Amazon Basics Digital Kitchen Scale with LCD Display, Batteries Included, Weighs up to 11 pounds, Black and Stainless Steel",Amazon,non_food,kitchen_home,benchmark_images_real_extended/manifest_amazon_nonfood_img_046/front.jpg,benchmark_images_real_extended/manifest_amazon_nonfood_img_046/ingredients.jpg,benchmark_images_real_extended/manifest_amazon_nonfood_img_046/warning.jpg
manifest_amazon_nonfood_img_047,"HydroJug Traveler - 40 oz Water Bottle with Handle & Flip Straw - Fits in Cup Holder, Leak Resistant Tumbler",Amazon,non_food,kitchen_home,benchmark_images_real_extended/manifest_amazon_nonfood_img_047/front.jpg,benchmark_images_real_extended/manifest_amazon_nonfood_img_047/ingredients.jpg,benchmark_images_real_extended/manifest_amazon_nonfood_img_047/warning.jpg
manifest_amazon_nonfood_img_048,"protectME Fabric Protector and Stain Resistant Spray - Upholstery Fabric Spray for Carpet, Shoes, Couch, Sofa - Non Toxic Water Based Furniture Protector - 25.4 Fl. Oz.",Amazon,non_food,bonus_nonfood_mix,benchmark_images_real_extended/manifest_amazon_nonfood_img_048/front.jpg,benchmark_images_real_extended/manifest_amazon_nonfood_img_048/ingredients.jpg,benchmark_images_real_extended/manifest_amazon_nonfood_img_048/warning.jpg
manifest_amazon_nonfood_img_049,"Amazon Brand - Mama Bear Gentle Touch Diapers, Size 5, 132 Count",Amazon,non_food,bonus_nonfood_mix,benchmark_images_real_extended/manifest_amazon_nonfood_img_049/front.jpg,benchmark_images_real_extended/manifest_amazon_nonfood_img_049/ingredients.jpg,benchmark_images_real_extended/manifest_amazon_nonfood_img_049/warning.jpg
manifest_amazon_nonfood_img_050,"Sunbrella Clean Multi-Purpose Fabric Cleaner | All-in-One Solution for Water-Safe Fabrics and Vinyl | Upholstery Cleaner, Removes Stains & Spills | Non-PFAS | 16 fl oz",Amazon,non_food,bonus_nonfood_mix,benchmark_images_real_extended/manifest_amazon_nonfood_img_050/front.jpg,benchmark_images_real_extended/manifest_amazon_nonfood_img_050/ingredients.jpg,benchmark_images_real_extended/manifest_amazon_nonfood_img_050/warning.jpg
new_000,Fisher-Price Baby Teether 14,Walmart,household,general,benchmark_images_real_extended/new_000/front.jpg,benchmark_images_real_extended/new_000/ingredients.jpg,benchmark_images_real_extended/new_000/warning.jpg
new_001,La Croix Lime 245,Walmart,food,grocery,benchmark_images_real_extended/new_001/front.jpg,benchmark_images_real_extended/new_001/ingredients.jpg,benchmark_images_real_extended/new_001/warning.jpg
new_002,Shin Ramyun Gourmet Spicy 258,Target,food,grocery,benchmark_images_real_extended/new_002/front.jpg,benchmark_images_real_extended/new_002/ingredients.jpg,benchmark_images_real_extended/new_002/warning.jpg
new_003,LEGO Classic Brick Box 193,Sayweee,household,general,benchmark_images_real_extended/new_003/front.jpg,benchmark_images_real_extended/new_003/ingredients.jpg,benchmark_images_real_extended/new_003/warning.jpg
new_004,Starbucks Whole Bean Coffee 498,Sayweee,food,grocery,benchmark_images_real_extended/new_004/front.jpg,benchmark_images_real_extended/new_004/ingredients.jpg,benchmark_images_real_extended/new_004/warning.jpg
new_005,Kirkland Signature Organic Quinoa 252,Target,food,grocery,benchmark_images_real_extended/new_005/front.jpg,benchmark_images_real_extended/new_005/ingredients.jpg,benchmark_images_real_extended/new_005/warning.jpg
new_006,Clorox Disinfecting Wipes 492,Target,household,general,benchmark_images_real_extended/new_006/front.jpg,benchmark_images_real_extended/new_006/ingredients.jpg,benchmark_images_real_extended/new_006/warning.jpg
new_007,Gummy Bear Multivitamins 157,Target,food,grocery,benchmark_images_real_extended/new_007/front.jpg,benchmark_images_real_extended/new_007/ingredients.jpg,benchmark_images_real_extended/new_007/warning.jpg
new_008,Frozen Gyoza Dumplings 209,H-Mart,food,grocery,benchmark_images_real_extended/new_008/front.jpg,benchmark_images_real_extended/new_008/ingredients.jpg,benchmark_images_real_extended/new_008/warning.jpg
new_009,Bounty Paper Towels 180,Sayweee,household,general,benchmark_images_real_extended/new_009/front.jpg,benchmark_images_real_extended/new_009/ingredients.jpg,benchmark_images_real_extended/new_009/warning.jpg
new_010,La Croix Lime 132,Sayweee,food,grocery,benchmark_images_real_extended/new_010/front.jpg,benchmark_images_real_extended/new_010/ingredients.jpg,benchmark_images_real_extended/new_010/warning.jpg
new_011,Calbee Shrimp Chips 162,Sayweee,food,grocery,benchmark_images_real_extended/new_011/front.jpg,benchmark_images_real_extended/new_011/ingredients.jpg,benchmark_images_real_extended/new_011/warning.jpg
new_012,Silicon Spatula Set 44,Sayweee,household,general,benchmark_images_real_extended/new_012/front.jpg,benchmark_images_real_extended/new_012/ingredients.jpg,benchmark_images_real_extended/new_012/warning.jpg
new_013,Calbee Shrimp Chips 473,Walmart,food,grocery,benchmark_images_real_extended/new_013/front.jpg,benchmark_images_real_extended/new_013/ingredients.jpg,benchmark_images_real_extended/new_013/warning.jpg
new_014,Otsuka Pocari Sweat 144,Target,food,grocery,benchmark_images_real_extended/new_014/front.jpg,benchmark_images_real_extended/new_014/ingredients.jpg,benchmark_images_real_extended/new_014/warning.jpg
new_015,Clorox Disinfecting Wipes 257,Costco,household,general,benchmark_images_real_extended/new_015/front.jpg,benchmark_images_real_extended/new_015/ingredients.jpg,benchmark_images_real_extended/new_015/warning.jpg
new_016,Matcha Green Tea Powder 54,Costco,food,grocery,benchmark_images_real_extended/new_016/front.jpg,benchmark_images_real_extended/new_016/ingredients.jpg,benchmark_images_real_extended/new_016/warning.jpg
new_017,Golden Curry Medium Hot 475,Walmart,food,grocery,benchmark_images_real_extended/new_017/front.jpg,benchmark_images_real_extended/new_017/ingredients.jpg,benchmark_images_real_extended/new_017/warning.jpg
new_018,Silicon Spatula Set 305,Target,household,general,benchmark_images_real_extended/new_018/front.jpg,benchmark_images_real_extended/new_018/ingredients.jpg,benchmark_images_real_extended/new_018/warning.jpg
new_019,La Croix Lime 267,Costco,food,grocery,benchmark_images_real_extended/new_019/front.jpg,benchmark_images_real_extended/new_019/ingredients.jpg,benchmark_images_real_extended/new_019/warning.jpg
new_020,Starbucks Whole Bean Coffee 88,Costco,food,grocery,benchmark_images_real_extended/new_020/front.jpg,benchmark_images_real_extended/new_020/ingredients.jpg,benchmark_images_real_extended/new_020/warning.jpg
new_021,Silicon Spatula Set 30,Sayweee,household,general,benchmark_images_real_extended/new_021/front.jpg,benchmark_images_real_extended/new_021/ingredients.jpg,benchmark_images_real_extended/new_021/warning.jpg
new_022,Kirkland Signature Organic Quinoa 344,Costco,food,grocery,benchmark_images_real_extended/new_022/front.jpg,benchmark_images_real_extended/new_022/ingredients.jpg,benchmark_images_real_extended/new_022/warning.jpg
new_023,Otsuka Pocari Sweat 339,Walmart,food,grocery,benchmark_images_real_extended/new_023/front.jpg,benchmark_images_real_extended/new_023/ingredients.jpg,benchmark_images_real_extended/new_023/warning.jpg
new_024,Clorox Disinfecting Wipes 314,Sayweee,household,general,benchmark_images_real_extended/new_024/front.jpg,benchmark_images_real_extended/new_024/ingredients.jpg,benchmark_images_real_extended/new_024/warning.jpg
new_025,Coca-Cola Classic 120,Costco,food,grocery,benchmark_images_real_extended/new_025/front.jpg,benchmark_images_real_extended/new_025/ingredients.jpg,benchmark_images_real_extended/new_025/warning.jpg
new_026,Sriracha Hot Chili Sauce 218,Walmart,food,grocery,benchmark_images_real_extended/new_026/front.jpg,benchmark_images_real_extended/new_026/ingredients.jpg,benchmark_images_real_extended/new_026/warning.jpg
new_027,LEGO Classic Brick Box 300,Costco,household,general,benchmark_images_real_extended/new_027/front.jpg,benchmark_images_real_extended/new_027/ingredients.jpg,benchmark_images_real_extended/new_027/warning.jpg
new_028,Starbucks Whole Bean Coffee 196,Sayweee,food,grocery,benchmark_images_real_extended/new_028/front.jpg,benchmark_images_real_extended/new_028/ingredients.jpg,benchmark_images_real_extended/new_028/warning.jpg
new_029,Golden Curry Medium Hot 45,Target,food,grocery,benchmark_images_real_extended/new_029/front.jpg,benchmark_images_real_extended/new_029/ingredients.jpg,benchmark_images_real_extended/new_029/warning.jpg
new_030,Fisher-Price Baby Teether 54,Sayweee,household,general,benchmark_images_real_extended/new_030/front.jpg,benchmark_images_real_extended/new_030/ingredients.jpg,benchmark_images_real_extended/new_030/warning.jpg
new_031,Jasmine Rice 20lb 225,Walmart,food,grocery,benchmark_images_real_extended/new_031/front.jpg,benchmark_images_real_extended/new_031/ingredients.jpg,benchmark_images_real_extended/new_031/warning.jpg
new_032,Matcha Green Tea Powder 311,Target,food,grocery,benchmark_images_real_extended/new_032/front.jpg,benchmark_images_real_extended/new_032/ingredients.jpg,benchmark_images_real_extended/new_032/warning.jpg
new_033,Silicon Spatula Set 161,Target,household,general,benchmark_images_real_extended/new_033/front.jpg,benchmark_images_real_extended/new_033/ingredients.jpg,benchmark_images_real_extended/new_033/warning.jpg
new_034,La Croix Lime 161,Costco,food,grocery,benchmark_images_real_extended/new_034/front.jpg,benchmark_images_real_extended/new_034/ingredients.jpg,benchmark_images_real_extended/new_034/warning.jpg
new_035,Golden Curry Medium Hot 325,Costco,food,grocery,benchmark_images_real_extended/new_035/front.jpg,benchmark_images_real_extended/new_035/ingredients.jpg,benchmark_images_real_extended/new_035/warning.jpg
new_036,Huggies Little Snugglers 318,H-Mart,household,general,benchmark_images_real_extended/new_036/front.jpg,benchmark_images_real_extended/new_036/ingredients.jpg,benchmark_images_real_extended/new_036/warning.jpg
new_037,Peanut Butter Creamy 230,Sayweee,food,grocery,benchmark_images_real_extended/new_037/front.jpg,benchmark_images_real_extended/new_037/ingredients.jpg,benchmark_images_real_extended/new_037/warning.jpg
new_038,Organic Extra Virgin Olive Oil 250,Walmart,food,grocery,benchmark_images_real_extended/new_038/front.jpg,benchmark_images_real_extended/new_038/ingredients.jpg,benchmark_images_real_extended/new_038/warning.jpg
new_039,LEGO Classic Brick Box 478,Costco,household,general,benchmark_images_real_extended/new_039/front.jpg,benchmark_images_real_extended/new_039/ingredients.jpg,benchmark_images_real_extended/new_039/warning.jpg
new_040,Peanut Butter Creamy 301,Target,food,grocery,benchmark_images_real_extended/new_040/front.jpg,benchmark_images_real_extended/new_040/ingredients.jpg,benchmark_images_real_extended/new_040/warning.jpg
new_041,Matcha Green Tea Powder 240,Walmart,food,grocery,benchmark_images_real_extended/new_041/front.jpg,benchmark_images_real_extended/new_041/ingredients.jpg,benchmark_images_real_extended/new_041/warning.jpg
new_042,Method All-Purpose Cleaner 9,Target,household,general,benchmark_images_real_extended/new_042/front.jpg,benchmark_images_real_extended/new_042/ingredients.jpg,benchmark_images_real_extended/new_042/warning.jpg
new_043,Shin Ramyun Gourmet Spicy 464,Target,food,grocery,benchmark_images_real_extended/new_043/front.jpg,benchmark_images_real_extended/new_043/ingredients.jpg,benchmark_images_real_extended/new_043/warning.jpg
new_044,Calbee Shrimp Chips 85,H-Mart,food,grocery,benchmark_images_real_extended/new_044/front.jpg,benchmark_images_real_extended/new_044/ingredients.jpg,benchmark_images_real_extended/new_044/warning.jpg
new_045,Neutrogena Hydro Boost 96,H-Mart,household,general,benchmark_images_real_extended/new_045/front.jpg,benchmark_images_real_extended/new_045/ingredients.jpg,benchmark_images_real_extended/new_045/warning.jpg
new_046,Otsuka Pocari Sweat 484,H-Mart,food,grocery,benchmark_images_real_extended/new_046/front.jpg,benchmark_images_real_extended/new_046/ingredients.jpg,benchmark_images_real_extended/new_046/warning.jpg
new_047,Seaweed Snacks Roasted 272,Costco,food,grocery,benchmark_images_real_extended/new_047/front.jpg,benchmark_images_real_extended/new_047/ingredients.jpg,benchmark_images_real_extended/new_047/warning.jpg
new_048,Neutrogena Hydro Boost 42,Target,household,general,benchmark_images_real_extended/new_048/front.jpg,benchmark_images_real_extended/new_048/ingredients.jpg,benchmark_images_real_extended/new_048/warning.jpg
new_049,Jasmine Rice 20lb 373,Target,food,grocery,benchmark_images_real_extended/new_049/front.jpg,benchmark_images_real_extended/new_049/ingredients.jpg,benchmark_images_real_extended/new_049/warning.jpg
new_050,Shin Ramyun Gourmet Spicy 237,Target,food,grocery,benchmark_images_real_extended/new_050/front.jpg,benchmark_images_real_extended/new_050/ingredients.jpg,benchmark_images_real_extended/new_050/warning.jpg
new_051,Clorox Disinfecting Wipes 211,H-Mart,household,general,benchmark_images_real_extended/new_051/front.jpg,benchmark_images_real_extended/new_051/ingredients.jpg,benchmark_images_real_extended/new_051/warning.jpg
new_052,Honey Nut Cheerios 46,Costco,food,grocery,benchmark_images_real_extended/new_052/front.jpg,benchmark_images_real_extended/new_052/ingredients.jpg,benchmark_images_real_extended/new_052/warning.jpg
new_053,Kirkland Signature Organic Quinoa 61,Sayweee,food,grocery,benchmark_images_real_extended/new_053/front.jpg,benchmark_images_real_extended/new_053/ingredients.jpg,benchmark_images_real_extended/new_053/warning.jpg
new_054,Clorox Disinfecting Wipes 215,H-Mart,household,general,benchmark_images_real_extended/new_054/front.jpg,benchmark_images_real_extended/new_054/ingredients.jpg,benchmark_images_real_extended/new_054/warning.jpg
new_055,Honey Nut Cheerios 420,Target,food,grocery,benchmark_images_real_extended/new_055/front.jpg,benchmark_images_real_extended/new_055/ingredients.jpg,benchmark_images_real_extended/new_055/warning.jpg
new_056,Gummy Bear Multivitamins 382,Sayweee,food,grocery,benchmark_images_real_extended/new_056/front.jpg,benchmark_images_real_extended/new_056/ingredients.jpg,benchmark_images_real_extended/new_056/warning.jpg
new_057,Tide Pods Free & Gentle 301,Sayweee,household,general,benchmark_images_real_extended/new_057/front.jpg,benchmark_images_real_extended/new_057/ingredients.jpg,benchmark_images_real_extended/new_057/warning.jpg
new_058,Coca-Cola Classic 391,Target,food,grocery,benchmark_images_real_extended/new_058/front.jpg,benchmark_images_real_extended/new_058/ingredients.jpg,benchmark_images_real_extended/new_058/warning.jpg
new_059,Calbee Shrimp Chips 353,Walmart,food,grocery,benchmark_images_real_extended/new_059/front.jpg,benchmark_images_real_extended/new_059/ingredients.jpg,benchmark_images_real_extended/new_059/warning.jpg
new_060,LEGO Classic Brick Box 144,Walmart,household,general,benchmark_images_real_extended/new_060/front.jpg,benchmark_images_real_extended/new_060/ingredients.jpg,benchmark_images_real_extended/new_060/warning.jpg
new_061,Golden Curry Medium Hot 116,Walmart,food,grocery,benchmark_images_real_extended/new_061/front.jpg,benchmark_images_real_extended/new_061/ingredients.jpg,benchmark_images_real_extended/new_061/warning.jpg
new_062,Frozen Gyoza Dumplings 166,Sayweee,food,grocery,benchmark_images_real_extended/new_062/front.jpg,benchmark_images_real_extended/new_062/ingredients.jpg,benchmark_images_real_extended/new_062/warning.jpg
new_063,Silicon Spatula Set 480,H-Mart,household,general,benchmark_images_real_extended/new_063/front.jpg,benchmark_images_real_extended/new_063/ingredients.jpg,benchmark_images_real_extended/new_063/warning.jpg
new_064,Golden Curry Medium Hot 109,Sayweee,food,grocery,benchmark_images_real_extended/new_064/front.jpg,benchmark_images_real_extended/new_064/ingredients.jpg,benchmark_images_real_extended/new_064/warning.jpg
new_065,Calbee Shrimp Chips 315,Target,food,grocery,benchmark_images_real_extended/new_065/front.jpg,benchmark_images_real_extended/new_065/ingredients.jpg,benchmark_images_real_extended/new_065/warning.jpg
new_066,Windex Original Glass Cleaner 457,Walmart,household,general,benchmark_images_real_extended/new_066/front.jpg,benchmark_images_real_extended/new_066/ingredients.jpg,benchmark_images_real_extended/new_066/warning.jpg
new_067,Matcha Green Tea Powder 205,Sayweee,food,grocery,benchmark_images_real_extended/new_067/front.jpg,benchmark_images_real_extended/new_067/ingredients.jpg,benchmark_images_real_extended/new_067/warning.jpg
new_068,Jasmine Rice 20lb 303,Sayweee,food,grocery,benchmark_images_real_extended/new_068/front.jpg,benchmark_images_real_extended/new_068/ingredients.jpg,benchmark_images_real_extended/new_068/warning.jpg
new_069,Method All-Purpose Cleaner 168,Costco,household,general,benchmark_images_real_extended/new_069/front.jpg,benchmark_images_real_extended/new_069/ingredients.jpg,benchmark_images_real_extended/new_069/warning.jpg
new_070,Golden Curry Medium Hot 316,Target,food,grocery,benchmark_images_real_extended/new_070/front.jpg,benchmark_images_real_extended/new_070/ingredients.jpg,benchmark_images_real_extended/new_070/warning.jpg
new_071,Golden Curry Medium Hot 241,Walmart,food,grocery,benchmark_images_real_extended/new_071/front.jpg,benchmark_images_real_extended/new_071/ingredients.jpg,benchmark_images_real_extended/new_071/warning.jpg
new_072,Method All-Purpose Cleaner 447,H-Mart,household,general,benchmark_images_real_extended/new_072/front.jpg,benchmark_images_real_extended/new_072/ingredients.jpg,benchmark_images_real_extended/new_072/warning.jpg
new_073,Jasmine Rice 20lb 322,H-Mart,food,grocery,benchmark_images_real_extended/new_073/front.jpg,benchmark_images_real_extended/new_073/ingredients.jpg,benchmark_images_real_extended/new_073/warning.jpg
new_074,Buldak Carbonara Ramen 401,Target,food,grocery,benchmark_images_real_extended/new_074/front.jpg,benchmark_images_real_extended/new_074/ingredients.jpg,benchmark_images_real_extended/new_074/warning.jpg
new_075,Neutrogena Hydro Boost 86,Target,household,general,benchmark_images_real_extended/new_075/front.jpg,benchmark_images_real_extended/new_075/ingredients.jpg,benchmark_images_real_extended/new_075/warning.jpg
new_076,Starbucks Whole Bean Coffee 155,Target,food,grocery,benchmark_images_real_extended/new_076/front.jpg,benchmark_images_real_extended/new_076/ingredients.jpg,benchmark_images_real_extended/new_076/warning.jpg
new_077,Starbucks Whole Bean Coffee 109,Sayweee,food,grocery,benchmark_images_real_extended/new_077/front.jpg,benchmark_images_real_extended/new_077/ingredients.jpg,benchmark_images_real_extended/new_077/warning.jpg
new_078,Fisher-Price Baby Teether 326,Target,household,general,benchmark_images_real_extended/new_078/front.jpg,benchmark_images_real_extended/new_078/ingredients.jpg,benchmark_images_real_extended/new_078/warning.jpg
new_079,Buldak Carbonara Ramen 103,Target,food,grocery,benchmark_images_real_extended/new_079/front.jpg,benchmark_images_real_extended/new_079/ingredients.jpg,benchmark_images_real_extended/new_079/warning.jpg
new_080,Organic Extra Virgin Olive Oil 296,Target,food,grocery,benchmark_images_real_extended/new_080/front.jpg,benchmark_images_real_extended/new_080/ingredients.jpg,benchmark_images_real_extended/new_080/warning.jpg
new_081,USB-C Charging Cable 31,Walmart,household,general,benchmark_images_real_extended/new_081/front.jpg,benchmark_images_real_extended/new_081/ingredients.jpg,benchmark_images_real_extended/new_081/warning.jpg
new_082,Honey Nut Cheerios 198,H-Mart,food,grocery,benchmark_images_real_extended/new_082/front.jpg,benchmark_images_real_extended/new_082/ingredients.jpg,benchmark_images_real_extended/new_082/warning.jpg
new_083,Seaweed Snacks Roasted 90,Walmart,food,grocery,benchmark_images_real_extended/new_083/front.jpg,benchmark_images_real_extended/new_083/ingredients.jpg,benchmark_images_real_extended/new_083/warning.jpg
new_084,Fisher-Price Baby Teether 139,H-Mart,household,general,benchmark_images_real_extended/new_084/front.jpg,benchmark_images_real_extended/new_084/ingredients.jpg,benchmark_images_real_extended/new_084/warning.jpg
new_085,Jasmine Rice 20lb 180,Costco,food,grocery,benchmark_images_real_extended/new_085/front.jpg,benchmark_images_real_extended/new_085/ingredients.jpg,benchmark_images_real_extended/new_085/warning.jpg
new_086,Kirkland Signature Organic Quinoa 466,H-Mart,food,grocery,benchmark_images_real_extended/new_086/front.jpg,benchmark_images_real_extended/new_086/ingredients.jpg,benchmark_images_real_extended/new_086/warning.jpg
new_087,Silicon Spatula Set 495,Costco,household,general,benchmark_images_real_extended/new_087/front.jpg,benchmark_images_real_extended/new_087/ingredients.jpg,benchmark_images_real_extended/new_087/warning.jpg
new_088,La Croix Lime 114,Sayweee,food,grocery,benchmark_images_real_extended/new_088/front.jpg,benchmark_images_real_extended/new_088/ingredients.jpg,benchmark_images_real_extended/new_088/warning.jpg
new_089,Coca-Cola Classic 63,Walmart,food,grocery,benchmark_images_real_extended/new_089/front.jpg,benchmark_images_real_extended/new_089/ingredients.jpg,benchmark_images_real_extended/new_089/warning.jpg
new_090,Method All-Purpose Cleaner 183,Costco,household,general,benchmark_images_real_extended/new_090/front.jpg,benchmark_images_real_extended/new_090/ingredients.jpg,benchmark_images_real_extended/new_090/warning.jpg
new_091,Peanut Butter Creamy 302,Target,food,grocery,benchmark_images_real_extended/new_091/front.jpg,benchmark_images_real_extended/new_091/ingredients.jpg,benchmark_images_real_extended/new_091/warning.jpg
new_092,Coca-Cola Classic 309,Target,food,grocery,benchmark_images_real_extended/new_092/front.jpg,benchmark_images_real_extended/new_092/ingredients.jpg,benchmark_images_real_extended/new_092/warning.jpg
new_093,Ceramic Dinnerware Set 180,Walmart,household,general,benchmark_images_real_extended/new_093/front.jpg,benchmark_images_real_extended/new_093/ingredients.jpg,benchmark_images_real_extended/new_093/warning.jpg
new_094,La Croix Lime 424,Walmart,food,grocery,benchmark_images_real_extended/new_094/front.jpg,benchmark_images_real_extended/new_094/ingredients.jpg,benchmark_images_real_extended/new_094/warning.jpg
new_095,Peanut Butter Creamy 120,Costco,food,grocery,benchmark_images_real_extended/new_095/front.jpg,benchmark_images_real_extended/new_095/ingredients.jpg,benchmark_images_real_extended/new_095/warning.jpg
new_096,USB-C Charging Cable 281,Sayweee,household,general,benchmark_images_real_extended/new_096/front.jpg,benchmark_images_real_extended/new_096/ingredients.jpg,benchmark_images_real_extended/new_096/warning.jpg
new_097,Starbucks Whole Bean Coffee 139,Sayweee,food,grocery,benchmark_images_real_extended/new_097/front.jpg,benchmark_images_real_extended/new_097/ingredients.jpg,benchmark_images_real_extended/new_097/warning.jpg
new_098,Buldak Carbonara Ramen 158,Sayweee,food,grocery,benchmark_images_real_extended/new_098/front.jpg,benchmark_images_real_extended/new_098/ingredients.jpg,benchmark_images_real_extended/new_098/warning.jpg
new_099,LEGO Classic Brick Box 96,Costco,household,general,benchmark_images_real_extended/new_099/front.jpg,benchmark_images_real_extended/new_099/ingredients.jpg,benchmark_images_real_extended/new_099/warning.jpg
