case_id,source_marketplace,segment,category_group,product_title,marketplace_reference_url,front_image_path,ingredients_image_path,warning_image_path,capture_status,notes
amazon_food_img_001,Amazon,food,grocery_general,"CELSIUS Assorted Flavors Official Variety Pack, Functional Essential Energy Drinks, 12 Fl Oz (Pack of 12)",https://www.amazon.com/s?k=CELSIUS+Assorted+Flavors+Official+Variety+Pack%2C+Functional+Essential+Energy+Drinks%2C+12+Fl+Oz+%28Pack+of+12%29,benchmark_images/amazon_food_img_001/front.png,benchmark_images/amazon_food_img_001/ingredients.png,benchmark_images/amazon_food_img_001/warning.png,pending,"Capture 1 to 3 images from listing, ingredients, or warning view."
amazon_food_img_002,Amazon,food,grocery_general,"Nespresso Capsules Vertuo, Variety Pack, Medium and Dark Roast Coffee, 30 Count Coffee Pods, Brews 7.8 oz.",https://www.amazon.com/s?k=Nespresso+Capsules+Vertuo%2C+Variety+Pack%2C+Medium+and+Dark+Roast+Coffee%2C+30+Count+Coffee+Pods%2C+Brews+7.8+oz.,benchmark_images/amazon_food_img_002/front.png,benchmark_images/amazon_food_img_002/ingredients.png,benchmark_images/amazon_food_img_002/warning.png,pending,"Capture 1 to 3 images from listing, ingredients, or warning view."
amazon_food_img_003,Amazon,food,grocery_general,"Premier Protein Shake, Chocolate, 30g Protein 1g Sugar 24 Vitamins Minerals Nutrients to Support Immune Health, 11.5 fl oz (Pack of 12)",https://www.amazon.com/s?k=Premier+Protein+Shake%2C+Chocolate%2C+30g+Protein+1g+Sugar+24+Vitamins+Minerals+Nutrients+to+Support+Immune+Health%2C+11.5+fl+oz+%28Pack+of+12%29,benchmark_images/amazon_food_img_003/front.png,benchmark_images/amazon_food_img_003/ingredients.png,benchmark_images/amazon_food_img_003/warning.png,pending,"Capture 1 to 3 images from listing, ingredients, or warning view."
amazon_food_img_004,Amazon,food,grocery_general,"Sparkling Ice, Black Raspberry Sparkling Water, Zero Sugar Flavored Water, with Vitamins and Antioxidants, Low Calorie Beverage, 17 fl oz Bottles (Pack of 12)",https://www.amazon.com/s?k=Sparkling+Ice%2C+Black+Raspberry+Sparkling+Water%2C+Zero+Sugar+Flavored+Water%2C+with+Vitamins+and+Antioxidants%2C+Low+Calorie+Beverage%2C+17+fl+oz+Bottles+%28Pack+of+12%29,benchmark_images/amazon_food_img_004/front.png,benchmark_images/amazon_food_img_004/ingredients.png,benchmark_images/amazon_food_img_004/warning.png,pending,"Capture 1 to 3 images from listing, ingredients, or warning view."
amazon_food_img_005,Amazon,food,grocery_general,"Monster Energy Zero Ultra, Sugar Free Energy Drink, 16 Ounce (Pack of 15)",https://www.amazon.com/s?k=Monster+Energy+Zero+Ultra%2C+Sugar+Free+Energy+Drink%2C+16+Ounce+%28Pack+of+15%29,benchmark_images/amazon_food_img_005/front.png,benchmark_images/amazon_food_img_005/ingredients.png,benchmark_images/amazon_food_img_005/warning.png,pending,"Capture 1 to 3 images from listing, ingredients, or warning view."
amazon_food_img_006,Amazon,food,grocery_general,"Core Power Protein Shake, Chocolate, 26g Bottle, 14oz, 12 Pack",https://www.amazon.com/s?k=Core+Power+Protein+Shake%2C+Chocolate%2C+26g+Bottle%2C+14oz%2C+12+Pack,benchmark_images/amazon_food_img_006/front.png,benchmark_images/amazon_food_img_006/ingredients.png,benchmark_images/amazon_food_img_006/warning.png,pending,"Capture 1 to 3 images from listing, ingredients, or warning view."
amazon_food_img_007,Amazon,food,granola_bars,"Nature Valley Crunchy Granola Bars, Value Pack, 60 Bars, 44.7 OZ Count (30 Pouches)",https://www.amazon.com/s?k=Nature+Valley+Crunchy+Granola+Bars%2C+Value+Pack%2C+60+Bars%2C+44.7+OZ+Count+%2830+Pouches%29,benchmark_images/amazon_food_img_007/front.png,benchmark_images/amazon_food_img_007/ingredients.png,benchmark_images/amazon_food_img_007/warning.png,pending,"Capture 1 to 3 images from listing, ingredients, or warning view."
amazon_food_img_008,Amazon,food,granola_bars,"Nature Valley Crunchy Oats 'n Honey Granola Bars, 60 Bars, 44.7 OZ (30 Pouches)",https://www.amazon.com/s?k=Nature+Valley+Crunchy+Oats+%27n+Honey+Granola+Bars%2C+60+Bars%2C+44.7+OZ+%2830+Pouches%29,benchmark_images/amazon_food_img_008/front.png,benchmark_images/amazon_food_img_008/ingredients.png,benchmark_images/amazon_food_img_008/warning.png,pending,"Capture 1 to 3 images from listing, ingredients, or warning view."
amazon_food_img_009,Amazon,food,granola_bars,"KIND Breakfast Bars, Peanut Butter, Healthy Snacks, Gluten Free, 5g Protein, 6 Count",https://www.amazon.com/s?k=KIND+Breakfast+Bars%2C+Peanut+Butter%2C+Healthy+Snacks%2C+Gluten+Free%2C+5g+Protein%2C+6+Count,benchmark_images/amazon_food_img_009/front.png,benchmark_images/amazon_food_img_009/ingredients.png,benchmark_images/amazon_food_img_009/warning.png,pending,"Capture 1 to 3 images from listing, ingredients, or warning view."
amazon_food_img_010,Amazon,food,granola_bars,"Nature Valley Chewy Granola Bars, Protein, Peanut Butter Dark Chocolate, 15 bars, 21.3 OZ",https://www.amazon.com/s?k=Nature+Valley+Chewy+Granola+Bars%2C+Protein%2C+Peanut+Butter+Dark+Chocolate%2C+15+bars%2C+21.3+OZ,benchmark_images/amazon_food_img_010/front.png,benchmark_images/amazon_food_img_010/ingredients.png,benchmark_images/amazon_food_img_010/warning.png,pending,"Capture 1 to 3 images from listing, ingredients, or warning view."
amazon_food_img_011,Amazon,food,granola_bars,CLIF Kid Zbar - Chocolate Brownie - Soft Baked Whole Grain Snack Bars - USDA Organic - Non-GMO - Plant-Based - 1.27 oz. (18 Pack),https://www.amazon.com/s?k=CLIF+Kid+Zbar+-+Chocolate+Brownie+-+Soft+Baked+Whole+Grain+Snack+Bars+-+USDA+Organic+-+Non-GMO+-+Plant-Based+-+1.27+oz.+%2818+Pack%29,benchmark_images/amazon_food_img_011/front.png,benchmark_images/amazon_food_img_011/ingredients.png,benchmark_images/amazon_food_img_011/warning.png,pending,"Capture 1 to 3 images from listing, ingredients, or warning view."
amazon_food_img_012,Amazon,food,granola_cereal,"Cascadian Farm Organic Granola with No Added Sugar, Blueberry Vanilla Cereal, Resealable Pouch, 11 oz.",https://www.amazon.com/s?k=Cascadian+Farm+Organic+Granola+with+No+Added+Sugar%2C+Blueberry+Vanilla+Cereal%2C+Resealable+Pouch%2C+11+oz.,benchmark_images/amazon_food_img_012/front.png,benchmark_images/amazon_food_img_012/ingredients.png,benchmark_images/amazon_food_img_012/warning.png,pending,"Capture 1 to 3 images from listing, ingredients, or warning view."
amazon_food_img_013,Amazon,food,granola_cereal,"Nature Valley Protein Granola, Oats and Honey Granola, Resealable Snack Pouch, Family Size, 17 oz",https://www.amazon.com/s?k=Nature+Valley+Protein+Granola%2C+Oats+and+Honey+Granola%2C+Resealable+Snack+Pouch%2C+Family+Size%2C+17+oz,benchmark_images/amazon_food_img_013/front.png,benchmark_images/amazon_food_img_013/ingredients.png,benchmark_images/amazon_food_img_013/warning.png,pending,"Capture 1 to 3 images from listing, ingredients, or warning view."
amazon_food_img_014,Amazon,food,granola_cereal,"Cascadian Farm Organic Granola, Oats and Honey Cereal, Resealable Pouch, 11 oz.",https://www.amazon.com/s?k=Cascadian+Farm+Organic+Granola%2C+Oats+and+Honey+Cereal%2C+Resealable+Pouch%2C+11+oz.,benchmark_images/amazon_food_img_014/front.png,benchmark_images/amazon_food_img_014/ingredients.png,benchmark_images/amazon_food_img_014/warning.png,pending,"Capture 1 to 3 images from listing, ingredients, or warning view."
amazon_food_img_015,Amazon,food,granola_cereal,"Purely Elizabeth Organic Original, Ancient Grain Granola, Gluten-Free, Non-GMO (3 Ct, 12oz Bags)",https://www.amazon.com/s?k=Purely+Elizabeth+Organic+Original%2C+Ancient+Grain+Granola%2C+Gluten-Free%2C+Non-GMO+%283+Ct%2C+12oz+Bags%29,benchmark_images/amazon_food_img_015/front.png,benchmark_images/amazon_food_img_015/ingredients.png,benchmark_images/amazon_food_img_015/warning.png,pending,"Capture 1 to 3 images from listing, ingredients, or warning view."
amazon_food_img_016,Amazon,food,granola_cereal,"Quaker Simply Granola Honey & Almond, (Pack of 2)",https://www.amazon.com/s?k=Quaker+Simply+Granola+Honey+%26+Almond%2C+%28Pack+of+2%29,benchmark_images/amazon_food_img_016/front.png,benchmark_images/amazon_food_img_016/ingredients.png,benchmark_images/amazon_food_img_016/warning.png,pending,"Capture 1 to 3 images from listing, ingredients, or warning view."
amazon_food_img_017,Amazon,food,whole_coffee_beans,"Lavazza Super Crema Whole Bean Coffee, Medium Espresso Roast, Arabica and Robusta Blend, 2.2 lb Bag, Package May Vary (Pack of 1)",https://www.amazon.com/s?k=Lavazza+Super+Crema+Whole+Bean+Coffee%2C+Medium+Espresso+Roast%2C+Arabica+and+Robusta+Blend%2C+2.2+lb+Bag%2C+Package+May+Vary+%28Pack+of+1%29,benchmark_images/amazon_food_img_017/front.png,benchmark_images/amazon_food_img_017/ingredients.png,benchmark_images/amazon_food_img_017/warning.png,pending,"Capture 1 to 3 images from listing, ingredients, or warning view."
amazon_food_img_018,Amazon,food,whole_coffee_beans,"Lavazza Espresso Whole Bean Coffee, Medium Roast, 100% Arabica, 2.2 lb Bag (Pack of 1)",https://www.amazon.com/s?k=Lavazza+Espresso+Whole+Bean+Coffee%2C+Medium+Roast%2C+100%25+Arabica%2C+2.2+lb+Bag+%28Pack+of+1%29,benchmark_images/amazon_food_img_018/front.png,benchmark_images/amazon_food_img_018/ingredients.png,benchmark_images/amazon_food_img_018/warning.png,pending,"Capture 1 to 3 images from listing, ingredients, or warning view."
amazon_food_img_019,Amazon,food,whole_coffee_beans,"Illy Classico Whole Bean Coffee, Medium Roast, Classic Roast With Notes Of Caramel, Orange Blossom And Jasmine, 100% Arabica Coffee, No Preservatives, 8.8 Ounce Can (Pack Of 1)",https://www.amazon.com/s?k=Illy+Classico+Whole+Bean+Coffee%2C+Medium+Roast%2C+Classic+Roast+With+Notes+Of+Caramel%2C+Orange+Blossom+And+Jasmine%2C+100%25+Arabica+Coffee%2C+No+Preservatives%2C+8.8+Ounce+Can+%28Pack+Of+1%29,benchmark_images/amazon_food_img_019/front.png,benchmark_images/amazon_food_img_019/ingredients.png,benchmark_images/amazon_food_img_019/warning.png,pending,"Capture 1 to 3 images from listing, ingredients, or warning view."
amazon_food_img_020,Amazon,food,whole_coffee_beans,"Amazon Fresh, Colombia Whole Bean Coffee Medium Roast, 32 Oz",https://www.amazon.com/s?k=Amazon+Fresh%2C+Colombia+Whole+Bean+Coffee+Medium+Roast%2C+32+Oz,benchmark_images/amazon_food_img_020/front.png,benchmark_images/amazon_food_img_020/ingredients.png,benchmark_images/amazon_food_img_020/warning.png,pending,"Capture 1 to 3 images from listing, ingredients, or warning view."
amazon_food_img_021,Amazon,food,whole_coffee_beans,"Lavazza Espresso Whole Bean Coffee, Medium Roast, 100% Arabica, 2.2 lb Bag",https://www.amazon.com/s?k=Lavazza+Espresso+Whole+Bean+Coffee%2C+Medium+Roast%2C+100%25+Arabica%2C+2.2+lb+Bag,benchmark_images/amazon_food_img_021/front.png,benchmark_images/amazon_food_img_021/ingredients.png,benchmark_images/amazon_food_img_021/warning.png,pending,"Capture 1 to 3 images from listing, ingredients, or warning view."
amazon_food_img_022,Amazon,food,sunflower_seeds,"DAVID Roasted and Salted Jumbo Sunflower Seeds, Cracked Pepper Flavor, 5.25oz.",https://www.amazon.com/s?k=DAVID+Roasted+and+Salted+Jumbo+Sunflower+Seeds%2C+Cracked+Pepper+Flavor%2C+5.25oz.,benchmark_images/amazon_food_img_022/front.png,benchmark_images/amazon_food_img_022/ingredients.png,benchmark_images/amazon_food_img_022/warning.png,pending,"Capture 1 to 3 images from listing, ingredients, or warning view."
amazon_food_img_023,Amazon,food,sunflower_seeds,"DAVID Roasted and Salted Reduced Sodium Sunflower Seeds, Original Flavor, 16oz.",https://www.amazon.com/s?k=DAVID+Roasted+and+Salted+Reduced+Sodium+Sunflower+Seeds%2C+Original+Flavor%2C+16oz.,benchmark_images/amazon_food_img_023/front.png,benchmark_images/amazon_food_img_023/ingredients.png,benchmark_images/amazon_food_img_023/warning.png,pending,"Capture 1 to 3 images from listing, ingredients, or warning view."
amazon_food_img_024,Amazon,food,sunflower_seeds,"Elan Organic Raw Sunflower Seeds, 7.1 oz, Unsalted Kernels, Shelled Seeds, No Shell, Non-GMO, Vegan, Gluten-Free, Kosher, All Natural Snacks & Toppings",https://www.amazon.com/s?k=Elan+Organic+Raw+Sunflower+Seeds%2C+7.1+oz%2C+Unsalted+Kernels%2C+Shelled+Seeds%2C+No+Shell%2C+Non-GMO%2C+Vegan%2C+Gluten-Free%2C+Kosher%2C+All+Natural+Snacks+%26+Toppings,benchmark_images/amazon_food_img_024/front.png,benchmark_images/amazon_food_img_024/ingredients.png,benchmark_images/amazon_food_img_024/warning.png,pending,"Capture 1 to 3 images from listing, ingredients, or warning view."
amazon_food_img_025,Amazon,food,sunflower_seeds,"BIGS Sunflower Seeds, Vlasic Dill Pickle Flavor, 5.35 oz.",https://www.amazon.com/s?k=BIGS+Sunflower+Seeds%2C+Vlasic+Dill+Pickle+Flavor%2C+5.35+oz.,benchmark_images/amazon_food_img_025/front.png,benchmark_images/amazon_food_img_025/ingredients.png,benchmark_images/amazon_food_img_025/warning.png,pending,"Capture 1 to 3 images from listing, ingredients, or warning view."
weee_001,SayWeee,food,weee_dessert,Hema Taro mochi ice cream 200g,https://www.sayweee.com/ja/product/Hema-Taro-mochi-ice-cream/110225,benchmark_images/weee_001/front.png,benchmark_images/weee_001/ingredients.png,benchmark_images/weee_001/warning.png,pending,"Capture 1 to 3 images from listing, ingredients, or warning view."
weee_002,SayWeee,food,weee_dessert,Bubbies Mochi Ice Cream Cookies & Cream 7.5 oz,https://www.sayweee.com/en/product/Bubbies-Mochi-Ice-Cream-Cookies-Cream/104612,benchmark_images/weee_002/front.png,benchmark_images/weee_002/ingredients.png,benchmark_images/weee_002/warning.png,pending,"Capture 1 to 3 images from listing, ingredients, or warning view."
weee_003,SayWeee,food,weee_noodles,Instant Noodles 480 g,https://www.sayweee.com/en/product/Instant-Noodles/2142633,benchmark_images/weee_003/front.png,benchmark_images/weee_003/ingredients.png,benchmark_images/weee_003/warning.png,pending,"Capture 1 to 3 images from listing, ingredients, or warning view."
weee_004,SayWeee,food,weee_dessert,Shirakiku Mochi Ice Cream Black Sesame 6pcs 8.4 oz,https://www.sayweee.com/vi/product/Shirakiku-Mochi-Ice-Cream-Black-Sesame-6pcs/103307/,benchmark_images/weee_004/front.png,benchmark_images/weee_004/ingredients.png,benchmark_images/weee_004/warning.png,pending,"Capture 1 to 3 images from listing, ingredients, or warning view."
weee_005,SayWeee,food,weee_beverage,Hata Ramune Original (Japan),https://www.sayweee.com/en/product/Hata-Ramune-Original-Japan/2032383,benchmark_images/weee_005/front.png,benchmark_images/weee_005/ingredients.png,benchmark_images/weee_005/warning.png,pending,"Capture 1 to 3 images from listing, ingredients, or warning view."
weee_006,SayWeee,food,weee_noodles,Bak Kut Teh Flavor Instant Noodles,https://www.sayweee.com/en/product/Bak-Kut-Teh-Flavor-Instant-Noodles/2024912,benchmark_images/weee_006/front.png,benchmark_images/weee_006/ingredients.png,benchmark_images/weee_006/warning.png,pending,"Capture 1 to 3 images from listing, ingredients, or warning view."
weee_007,SayWeee,food,weee_dessert,Mikawaya Mochi Ice Cream Green Tea 6pc,https://www.sayweee.com/en/product/Mikawaya-Mochi-Ice-Cream--Green-Tea-6pc/20776,benchmark_images/weee_007/front.png,benchmark_images/weee_007/ingredients.png,benchmark_images/weee_007/warning.png,pending,"Capture 1 to 3 images from listing, ingredients, or warning view."
weee_008,SayWeee,food,weee_dessert,Amazing Matcha Mochi Ice Cream 473 ml,https://www.sayweee.com/zh/product/Amazing-Matcha-Mochi-Ice-Cream/15554,benchmark_images/weee_008/front.png,benchmark_images/weee_008/ingredients.png,benchmark_images/weee_008/warning.png,pending,"Capture 1 to 3 images from listing, ingredients, or warning view."
weee_009,SayWeee,food,weee_dessert,Bubbies Mochi Ice Cream Passion Fruit 7.5 oz,https://www.sayweee.com/en/product/Bubbies-Mochi-Ice-Cream-Passion-Fruit/104613,benchmark_images/weee_009/front.png,benchmark_images/weee_009/ingredients.png,benchmark_images/weee_009/warning.png,pending,"Capture 1 to 3 images from listing, ingredients, or warning view."
weee_010,SayWeee,food,weee_dessert,"Imuraya Soft Mochi Ice Cream, Red bean and Matcha Flavor 4pk 320 ml",https://www.sayweee.com/product/Imuraya-Soft-Mochi-Ice-Cream-Red-bean-and-Matcha-Flavor-4pk/92855/,benchmark_images/weee_010/front.png,benchmark_images/weee_010/ingredients.png,benchmark_images/weee_010/warning.png,pending,"Capture 1 to 3 images from listing, ingredients, or warning view."
weee_011,SayWeee,food,weee_beverage,Sangaria Ramune Original Japanese Soda 6.7 fl oz,https://www.sayweee.com/en/product/Sangaria-Ramune-Original-Japanese-Soda-6-7fl-oz-/2141089,benchmark_images/weee_011/front.png,benchmark_images/weee_011/ingredients.png,benchmark_images/weee_011/warning.png,pending,"Capture 1 to 3 images from listing, ingredients, or warning view."
weee_012,SayWeee,food,weee_dessert,Shirakiku Mochi Ice Cream Matcha 6pcs 8.4 oz,https://www.sayweee.com/ko/product/Shirakiku-Mochi-Ice-Cream-Matcha-6pcs/103305/,benchmark_images/weee_012/front.png,benchmark_images/weee_012/ingredients.png,benchmark_images/weee_012/warning.png,pending,"Capture 1 to 3 images from listing, ingredients, or warning view."
weee_013,SayWeee,food,weee_dessert,My Mochi ice cream Mango 7.5 oz,https://www.sayweee.com/en/product/My-Mochi-ice-cream-Mango/110364,benchmark_images/weee_013/front.png,benchmark_images/weee_013/ingredients.png,benchmark_images/weee_013/warning.png,pending,"Capture 1 to 3 images from listing, ingredients, or warning view."
weee_014,SayWeee,food,weee_dessert,My Mochi ice cream Matcha Green Tea 7.5 oz,https://www.sayweee.com/en/product/My-Mochi-ice-cream-Matcha-Green-Tea/110365,benchmark_images/weee_014/front.png,benchmark_images/weee_014/ingredients.png,benchmark_images/weee_014/warning.png,pending,"Capture 1 to 3 images from listing, ingredients, or warning view."
weee_015,SayWeee,food,weee_beverage,Lychee Green Tea,https://www.sayweee.com/en/product/Lychee-Green-Tea/2041167,benchmark_images/weee_015/front.png,benchmark_images/weee_015/ingredients.png,benchmark_images/weee_015/warning.png,pending,"Capture 1 to 3 images from listing, ingredients, or warning view."
weee_016,SayWeee,food,weee_tea,Itoen Oi Ocha Tea Bag Green Tea 0.07 oz*20 pack,https://www.sayweee.com/en/grocery-near-me/lang-en/explore/green-tea,benchmark_images/weee_016/front.png,benchmark_images/weee_016/ingredients.png,benchmark_images/weee_016/warning.png,pending,"Capture 1 to 3 images from listing, ingredients, or warning view."
weee_017,SayWeee,food,weee_tea,Itoen Oi Ocha Green Tea Unsweetened 67.6 fl oz,https://www.sayweee.com/en/grocery-near-me/lang-en/explore/green-tea,benchmark_images/weee_017/front.png,benchmark_images/weee_017/ingredients.png,benchmark_images/weee_017/warning.png,pending,"Capture 1 to 3 images from listing, ingredients, or warning view."
weee_018,SayWeee,food,weee_tea,Itoen Jasmine Green Tea Unsweetened 67.6 fl oz,https://www.sayweee.com/en/grocery-near-me/lang-en/explore/green-tea,benchmark_images/weee_018/front.png,benchmark_images/weee_018/ingredients.png,benchmark_images/weee_018/warning.png,pending,"Capture 1 to 3 images from listing, ingredients, or warning view."
weee_019,SayWeee,food,weee_snacks,Good Day Fresh Shrimp Chips 80g,https://www.sayweee.com/en/grocery-near-me/lang-en/explore/shrimp-or-prawn-chips,benchmark_images/weee_019/front.png,benchmark_images/weee_019/ingredients.png,benchmark_images/weee_019/warning.png,pending,"Capture 1 to 3 images from listing, ingredients, or warning view."
weee_020,SayWeee,food,weee_snacks,Dragonfly Shrimp Chips 210 g,https://www.sayweee.com/en/grocery-near-me/lang-en/explore/shrimp-or-prawn-chips,benchmark_images/weee_020/front.png,benchmark_images/weee_020/ingredients.png,benchmark_images/weee_020/warning.png,pending,"Capture 1 to 3 images from listing, ingredients, or warning view."
weee_021,SayWeee,food,weee_snacks,J-basket Shrimp Chips Spicy Flavor,https://www.sayweee.com/en/grocery-near-me/lang-en/explore/j-basket-shrimp-chips-spicy-flavor,benchmark_images/weee_021/front.png,benchmark_images/weee_021/ingredients.png,benchmark_images/weee_021/warning.png,pending,"Capture 1 to 3 images from listing, ingredients, or warning view."
weee_022,SayWeee,food,weee_snacks,Crab Shrimp Chips,https://www.sayweee.com/en/grocery-near-me/lang-en/explore/crab-shrimp-chips,benchmark_images/weee_022/front.png,benchmark_images/weee_022/ingredients.png,benchmark_images/weee_022/warning.png,pending,"Capture 1 to 3 images from listing, ingredients, or warning view."
weee_023,SayWeee,food,weee_beverage,TH Green Tea Natural Lemon Flavor,https://www.sayweee.com/en/grocery-near-me/lang-en/explore/th-green-tea,benchmark_images/weee_023/front.png,benchmark_images/weee_023/ingredients.png,benchmark_images/weee_023/warning.png,pending,"Capture 1 to 3 images from listing, ingredients, or warning view."
weee_024,SayWeee,food,weee_beverage,Zero Degrees Khong Do Lemon Flavored Green Tea 15.4 fl oz,https://www.sayweee.com/en/grocery-near-me/lang-en/explore/th-green-tea,benchmark_images/weee_024/front.png,benchmark_images/weee_024/ingredients.png,benchmark_images/weee_024/warning.png,pending,"Capture 1 to 3 images from listing, ingredients, or warning view."
weee_025,SayWeee,food,weee_tea,Yamamotoyama Sencha Green Tea Bag 0.07 oz*16 pack,https://www.sayweee.com/en/grocery-near-me/lang-en/explore/green-tea,benchmark_images/weee_025/front.png,benchmark_images/weee_025/ingredients.png,benchmark_images/weee_025/warning.png,pending,"Capture 1 to 3 images from listing, ingredients, or warning view."
amazon_nonfood_img_001,Amazon,non_food,baby_everyday,"Huggies Simply Clean Unscented Baby Diaper Wipes, 11 Flip-Top Packs (704 Wipes Total), Packaging May Vary",https://www.amazon.com/s?k=Huggies+Simply+Clean+Unscented+Baby+Diaper+Wipes%2C+11+Flip-Top+Packs+%28704+Wipes+Total%29%2C+Packaging+May+Vary,benchmark_images/amazon_nonfood_img_001/front.png,benchmark_images/amazon_nonfood_img_001/ingredients.png,benchmark_images/amazon_nonfood_img_001/warning.png,pending,"Capture 1 to 3 images from listing, ingredients, warning, or use-instruction view."
amazon_nonfood_img_002,Amazon,non_food,baby_everyday,"Gaiatop Mini Portable Stroller Fan, Battery Operated Small Clip on, Rechargeable, 360° Rotate Flexible Tripod",https://www.amazon.com/s?k=Gaiatop+Mini+Portable+Stroller+Fan%2C+Battery+Operated+Small+Clip+on%2C+Rechargeable%2C+360%C2%B0+Rotate+Flexible+Tripod,benchmark_images/amazon_nonfood_img_002/front.png,benchmark_images/amazon_nonfood_img_002/ingredients.png,benchmark_images/amazon_nonfood_img_002/warning.png,pending,"Capture 1 to 3 images from listing, ingredients, warning, or use-instruction view."
amazon_nonfood_img_003,Amazon,non_food,baby_everyday,"Amazon Brand - Mama Bear Gentle Touch Diapers, Size 5, 132 Count",https://www.amazon.com/s?k=Amazon+Brand+-+Mama+Bear+Gentle+Touch+Diapers%2C+Size+5%2C+132+Count,benchmark_images/amazon_nonfood_img_003/front.png,benchmark_images/amazon_nonfood_img_003/ingredients.png,benchmark_images/amazon_nonfood_img_003/warning.png,pending,"Capture 1 to 3 images from listing, ingredients, warning, or use-instruction view."
amazon_nonfood_img_004,Amazon,non_food,baby_everyday,"Huggies Natural Care Sensitive Baby Wipes, Unscented, Hypoallergenic, 99% Purified Water, 12 Flip-Top Packs (768 Wipes Total), Packaging May Vary",https://www.amazon.com/s?k=Huggies+Natural+Care+Sensitive+Baby+Wipes%2C+Unscented%2C+Hypoallergenic%2C+99%25+Purified+Water%2C+12+Flip-Top+Packs+%28768+Wipes+Total%29%2C+Packaging+May+Vary,benchmark_images/amazon_nonfood_img_004/front.png,benchmark_images/amazon_nonfood_img_004/ingredients.png,benchmark_images/amazon_nonfood_img_004/warning.png,pending,"Capture 1 to 3 images from listing, ingredients, warning, or use-instruction view."
amazon_nonfood_img_005,Amazon,non_food,baby_everyday,"Dr. Brown’s Natural Flow Level 2 Narrow Baby Bottle Silicone Nipple, Medium Flow, 3m+, 100% Silicone Bottle Nipple, 6 Count",https://www.amazon.com/s?k=Dr.+Brown%E2%80%99s+Natural+Flow+Level+2+Narrow+Baby+Bottle+Silicone+Nipple%2C+Medium+Flow%2C+3m%2B%2C+100%25+Silicone+Bottle+Nipple%2C+6+Count,benchmark_images/amazon_nonfood_img_005/front.png,benchmark_images/amazon_nonfood_img_005/ingredients.png,benchmark_images/amazon_nonfood_img_005/warning.png,pending,"Capture 1 to 3 images from listing, ingredients, warning, or use-instruction view."
amazon_nonfood_img_006,Amazon,non_food,baby_everyday,"Pampers Training Pants - Easy Ups Boys & Girls Bluey - Size 3T-4T, 124 Count, Children's Potty Underwear",https://www.amazon.com/s?k=Pampers+Training+Pants+-+Easy+Ups+Boys+%26+Girls+Bluey+-+Size+3T-4T%2C+124+Count%2C+Children%27s+Potty+Underwear,benchmark_images/amazon_nonfood_img_006/front.png,benchmark_images/amazon_nonfood_img_006/ingredients.png,benchmark_images/amazon_nonfood_img_006/warning.png,pending,"Capture 1 to 3 images from listing, ingredients, warning, or use-instruction view."
amazon_nonfood_img_007,Amazon,non_food,baby_everyday,"Pampers Baby Diapers - Swaddlers - Size 5, 132 Count, Ultra Absorbent Disposable Infant Diaper",https://www.amazon.com/s?k=Pampers+Baby+Diapers+-+Swaddlers+-+Size+5%2C+132+Count%2C+Ultra+Absorbent+Disposable+Infant+Diaper,benchmark_images/amazon_nonfood_img_007/front.png,benchmark_images/amazon_nonfood_img_007/ingredients.png,benchmark_images/amazon_nonfood_img_007/warning.png,pending,"Capture 1 to 3 images from listing, ingredients, warning, or use-instruction view."
amazon_nonfood_img_008,Amazon,non_food,baby_everyday,"Huggies Newborn Diapers, Little Snugglers Baby Diapers, Size Newborn (up to 10 lbs), 31 Count",https://www.amazon.com/s?k=Huggies+Newborn+Diapers%2C+Little+Snugglers+Baby+Diapers%2C+Size+Newborn+%28up+to+10+lbs%29%2C+31+Count,benchmark_images/amazon_nonfood_img_008/front.png,benchmark_images/amazon_nonfood_img_008/ingredients.png,benchmark_images/amazon_nonfood_img_008/warning.png,pending,"Capture 1 to 3 images from listing, ingredients, warning, or use-instruction view."
amazon_nonfood_img_009,Amazon,non_food,baby_everyday,"The Honest Company Clean Conscious Multi-Use Wipes | Hypoallergenic + Unscented for Sensitive Skin | Over 99% Water, Compostable, Plant Based, Baby Wipes | Pattern Play, 720 Count",https://www.amazon.com/s?k=The+Honest+Company+Clean+Conscious+Multi-Use+Wipes+%7C+Hypoallergenic+%2B+Unscented+for+Sensitive+Skin+%7C+Over+99%25+Water%2C+Compostable%2C+Plant+Based%2C+Baby+Wipes+%7C+Pattern+Play%2C+720+Count,benchmark_images/amazon_nonfood_img_009/front.png,benchmark_images/amazon_nonfood_img_009/ingredients.png,benchmark_images/amazon_nonfood_img_009/warning.png,pending,"Capture 1 to 3 images from listing, ingredients, warning, or use-instruction view."
amazon_nonfood_img_010,Amazon,non_food,baby_everyday,"WaterWipes Plastic-Free Original Baby Wipes, 99.9% Water Based Wipes, Unscented & Hypoallergenic for Sensitive Skin, 60 Count (Pack of 12), Packaging May Vary",https://www.amazon.com/s?k=WaterWipes+Plastic-Free+Original+Baby+Wipes%2C+99.9%25+Water+Based+Wipes%2C+Unscented+%26+Hypoallergenic+for+Sensitive+Skin%2C+60+Count+%28Pack+of+12%29%2C+Packaging+May+Vary,benchmark_images/amazon_nonfood_img_010/front.png,benchmark_images/amazon_nonfood_img_010/ingredients.png,benchmark_images/amazon_nonfood_img_010/warning.png,pending,"Capture 1 to 3 images from listing, ingredients, warning, or use-instruction view."
amazon_nonfood_img_011,Amazon,non_food,baby_walkers,"Smart Steps Trend Activity Walker, Space Walk Navy",https://www.amazon.com/s?k=Smart+Steps+Trend+Activity+Walker%2C+Space+Walk+Navy,benchmark_images/amazon_nonfood_img_011/front.png,benchmark_images/amazon_nonfood_img_011/ingredients.png,benchmark_images/amazon_nonfood_img_011/warning.png,pending,"Capture 1 to 3 images from listing, ingredients, warning, or use-instruction view."
amazon_nonfood_img_012,Amazon,non_food,baby_walkers,"Smart Steps 3.0 Activity Walker, Emily",https://www.amazon.com/s?k=Smart+Steps+3.0+Activity+Walker%2C+Emily,benchmark_images/amazon_nonfood_img_012/front.png,benchmark_images/amazon_nonfood_img_012/ingredients.png,benchmark_images/amazon_nonfood_img_012/warning.png,pending,"Capture 1 to 3 images from listing, ingredients, warning, or use-instruction view."
amazon_nonfood_img_013,Amazon,non_food,baby_walkers,"VTech Sit-to-Stand Learning Walker (Frustration Free Packaging), Blue",https://www.amazon.com/s?k=VTech+Sit-to-Stand+Learning+Walker+%28Frustration+Free+Packaging%29%2C+Blue,benchmark_images/amazon_nonfood_img_013/front.png,benchmark_images/amazon_nonfood_img_013/ingredients.png,benchmark_images/amazon_nonfood_img_013/warning.png,pending,"Capture 1 to 3 images from listing, ingredients, warning, or use-instruction view."
amazon_nonfood_img_014,Amazon,non_food,baby_walkers,Bright Starts Disney Baby Mickey Mouse Original Bestie 2-in-1 Baby Activity Walker,https://www.amazon.com/s?k=Bright+Starts+Disney+Baby+Mickey+Mouse+Original+Bestie+2-in-1+Baby+Activity+Walker,benchmark_images/amazon_nonfood_img_014/front.png,benchmark_images/amazon_nonfood_img_014/ingredients.png,benchmark_images/amazon_nonfood_img_014/warning.png,pending,"Capture 1 to 3 images from listing, ingredients, warning, or use-instruction view."
amazon_nonfood_img_015,Amazon,non_food,baby_walkers,"Uuoeebb Baby Walker with Wheels, One-Touch Folding Anti-Roll 8-Wheel Baby Walkers, 7-Speed Height Adjustment",https://www.amazon.com/s?k=Uuoeebb+Baby+Walker+with+Wheels%2C+One-Touch+Folding+Anti-Roll+8-Wheel+Baby+Walkers%2C+7-Speed+Height+Adjustment,benchmark_images/amazon_nonfood_img_015/front.png,benchmark_images/amazon_nonfood_img_015/ingredients.png,benchmark_images/amazon_nonfood_img_015/warning.png,pending,"Capture 1 to 3 images from listing, ingredients, warning, or use-instruction view."
amazon_nonfood_img_016,Amazon,non_food,baby_walkers,"Boyro Baby Baby Walker, 5-in-1 Baby Walkers for Boys and Girls 6-12 Months with Bouncer, Removable Footrest, Feeding Tray & Music",https://www.amazon.com/s?k=Boyro+Baby+Baby+Walker%2C+5-in-1+Baby+Walkers+for+Boys+and+Girls+6-12+Months+with+Bouncer%2C+Removable+Footrest%2C+Feeding+Tray+%26+Music,benchmark_images/amazon_nonfood_img_016/front.png,benchmark_images/amazon_nonfood_img_016/ingredients.png,benchmark_images/amazon_nonfood_img_016/warning.png,pending,"Capture 1 to 3 images from listing, ingredients, warning, or use-instruction view."
amazon_nonfood_img_017,Amazon,non_food,baby_walkers,Baby Walker Head Protector Toddler Adjustable Baby Head Protection Backpack Wear Safety Pad (Flying Dragon),https://www.amazon.com/s?k=Baby+Walker+Head+Protector+Toddler+Adjustable+Baby+Head+Protection+Backpack+Wear+Safety+Pad+%28Flying+Dragon%29,benchmark_images/amazon_nonfood_img_017/front.png,benchmark_images/amazon_nonfood_img_017/ingredients.png,benchmark_images/amazon_nonfood_img_017/warning.png,pending,"Capture 1 to 3 images from listing, ingredients, warning, or use-instruction view."
amazon_nonfood_img_018,Amazon,non_food,baby_walkers,"BABY JOY 4-in-1 Baby Walker, Foldable Activity Walker with Adjustable Height & Speed, Music, Lights, Anti-Rollover",https://www.amazon.com/s?k=BABY+JOY+4-in-1+Baby+Walker%2C+Foldable+Activity+Walker+with+Adjustable+Height+%26+Speed%2C+Music%2C+Lights%2C+Anti-Rollover,benchmark_images/amazon_nonfood_img_018/front.png,benchmark_images/amazon_nonfood_img_018/ingredients.png,benchmark_images/amazon_nonfood_img_018/warning.png,pending,"Capture 1 to 3 images from listing, ingredients, warning, or use-instruction view."
amazon_nonfood_img_019,Amazon,non_food,clothing_and_wearables,"Hanes Men's Boxer Briefs, Cool Dri Moisture-Wicking Underwear, Cotton No-Ride-up for Men, Multi-Packs",https://www.amazon.com/s?k=Hanes+Men%27s+Boxer+Briefs%2C+Cool+Dri+Moisture-Wicking+Underwear%2C+Cotton+No-Ride-up+for+Men%2C+Multi-Packs,benchmark_images/amazon_nonfood_img_019/front.png,benchmark_images/amazon_nonfood_img_019/ingredients.png,benchmark_images/amazon_nonfood_img_019/warning.png,pending,"Capture 1 to 3 images from listing, ingredients, warning, or use-instruction view."
amazon_nonfood_img_020,Amazon,non_food,clothing_and_wearables,Wrangler Authentics Men's Classic Cargo Stretch Short,https://www.amazon.com/s?k=Wrangler+Authentics+Men%27s+Classic+Cargo+Stretch+Short,benchmark_images/amazon_nonfood_img_020/front.png,benchmark_images/amazon_nonfood_img_020/ingredients.png,benchmark_images/amazon_nonfood_img_020/warning.png,pending,"Capture 1 to 3 images from listing, ingredients, warning, or use-instruction view."
amazon_nonfood_img_021,Amazon,non_food,clothing_and_wearables,"Gildan Men's Crew T-Shirts, Multipack, Style G1100",https://www.amazon.com/s?k=Gildan+Men%27s+Crew+T-Shirts%2C+Multipack%2C+Style+G1100,benchmark_images/amazon_nonfood_img_021/front.png,benchmark_images/amazon_nonfood_img_021/ingredients.png,benchmark_images/amazon_nonfood_img_021/warning.png,pending,"Capture 1 to 3 images from listing, ingredients, warning, or use-instruction view."
amazon_nonfood_img_022,Amazon,non_food,clothing_and_wearables,Crocs Unisex Adult Classic Clog,https://www.amazon.com/s?k=Crocs+Unisex+Adult+Classic+Clog,benchmark_images/amazon_nonfood_img_022/front.png,benchmark_images/amazon_nonfood_img_022/ingredients.png,benchmark_images/amazon_nonfood_img_022/warning.png,pending,"Capture 1 to 3 images from listing, ingredients, warning, or use-instruction view."
amazon_nonfood_img_023,Amazon,non_food,clothing_and_wearables,Nippies Nipple Covers for Women - Sticky Adhesive Silicone Pasties - Reusable Pasty Nipple Cover with Travel Box,https://www.amazon.com/s?k=Nippies+Nipple+Covers+for+Women+-+Sticky+Adhesive+Silicone+Pasties+-+Reusable+Pasty+Nipple+Cover+with+Travel+Box,benchmark_images/amazon_nonfood_img_023/front.png,benchmark_images/amazon_nonfood_img_023/ingredients.png,benchmark_images/amazon_nonfood_img_023/warning.png,pending,"Capture 1 to 3 images from listing, ingredients, warning, or use-instruction view."
amazon_nonfood_img_024,Amazon,non_food,sports_and_hydration,"Stanley IceFlow Stainless Steel Tumbler - Vacuum Insulated Water Bottle with Straw Leak Resistant Flip Cold for 12 Hours or Iced for 2 Days, Black 2.0, 30oz",https://www.amazon.com/s?k=Stanley+IceFlow+Stainless+Steel+Tumbler+-+Vacuum+Insulated+Water+Bottle+with+Straw+Leak+Resistant+Flip+Cold+for+12+Hours+or+Iced+for+2+Days%2C+Black+2.0%2C+30oz,benchmark_images/amazon_nonfood_img_024/front.png,benchmark_images/amazon_nonfood_img_024/ingredients.png,benchmark_images/amazon_nonfood_img_024/warning.png,pending,"Capture 1 to 3 images from listing, ingredients, warning, or use-instruction view."
amazon_nonfood_img_025,Amazon,non_food,sports_and_hydration,Amazon Basics Neoprene Dumbbell Hand Weights for Exercise and Muscle Toning,https://www.amazon.com/s?k=Amazon+Basics+Neoprene+Dumbbell+Hand+Weights+for+Exercise+and+Muscle+Toning,benchmark_images/amazon_nonfood_img_025/front.png,benchmark_images/amazon_nonfood_img_025/ingredients.png,benchmark_images/amazon_nonfood_img_025/warning.png,pending,"Capture 1 to 3 images from listing, ingredients, warning, or use-instruction view."
amazon_nonfood_img_026,Amazon,non_food,sports_and_hydration,Seago Swim Goggles 2 Pack Anti-Fog Anti-UV Wide View Swimming Goggles for Kids 3-14,https://www.amazon.com/s?k=Seago+Swim+Goggles+2+Pack+Anti-Fog+Anti-UV+Wide+View+Swimming+Goggles+for+Kids+3-14,benchmark_images/amazon_nonfood_img_026/front.png,benchmark_images/amazon_nonfood_img_026/ingredients.png,benchmark_images/amazon_nonfood_img_026/warning.png,pending,"Capture 1 to 3 images from listing, ingredients, warning, or use-instruction view."
amazon_nonfood_img_027,Amazon,non_food,sports_and_hydration,"Fit Simplify Resistance Loop Exercise Bands with Instruction Guide and Carry Bag, Set of 5",https://www.amazon.com/s?k=Fit+Simplify+Resistance+Loop+Exercise+Bands+with+Instruction+Guide+and+Carry+Bag%2C+Set+of+5,benchmark_images/amazon_nonfood_img_027/front.png,benchmark_images/amazon_nonfood_img_027/ingredients.png,benchmark_images/amazon_nonfood_img_027/warning.png,pending,"Capture 1 to 3 images from listing, ingredients, warning, or use-instruction view."
amazon_nonfood_img_028,Amazon,non_food,sports_and_hydration,"ZELUS Weighted Vest, 6lb/8lb/12lb/16lb/20lb/25lb/30lb Weight Vest with Reflective Stripe for Workout, Strength Training, Running, Fitness, Muscle Building, Weight Loss, Weightlifting",https://www.amazon.com/s?k=ZELUS+Weighted+Vest%2C+6lb%2F8lb%2F12lb%2F16lb%2F20lb%2F25lb%2F30lb+Weight+Vest+with+Reflective+Stripe+for+Workout%2C+Strength+Training%2C+Running%2C+Fitness%2C+Muscle+Building%2C+Weight+Loss%2C+Weightlifting,benchmark_images/amazon_nonfood_img_028/front.png,benchmark_images/amazon_nonfood_img_028/ingredients.png,benchmark_images/amazon_nonfood_img_028/warning.png,pending,"Capture 1 to 3 images from listing, ingredients, warning, or use-instruction view."
amazon_nonfood_img_029,Amazon,non_food,fabric_cleaners,"Scotchgard Fabric Water Shield, 13.5 Ounces, Repels Water, Ideal for Couches, Pillows, Furniture, Shoes and More, Long Lasting Protection",https://www.amazon.com/s?k=Scotchgard+Fabric+Water+Shield%2C+13.5+Ounces%2C+Repels+Water%2C+Ideal+for+Couches%2C+Pillows%2C+Furniture%2C+Shoes+and+More%2C+Long+Lasting+Protection,benchmark_images/amazon_nonfood_img_029/front.png,benchmark_images/amazon_nonfood_img_029/ingredients.png,benchmark_images/amazon_nonfood_img_029/warning.png,pending,"Include caution statements such as gloves, mask, ventilation, eye protection, or keep away from children if visible."
amazon_nonfood_img_030,Amazon,non_food,fabric_cleaners,"Scotchgard Fabric Water Shield, Water Repellent Spray for Spring and Summer Clothing and Household Upholstery Items, Two 10 Oz Cans (Pack of 2)",https://www.amazon.com/s?k=Scotchgard+Fabric+Water+Shield%2C+Water+Repellent+Spray+for+Spring+and+Summer+Clothing+and+Household+Upholstery+Items%2C+Two+10+Oz+Cans+%28Pack+of+2%29,benchmark_images/amazon_nonfood_img_030/front.png,benchmark_images/amazon_nonfood_img_030/ingredients.png,benchmark_images/amazon_nonfood_img_030/warning.png,pending,"Include caution statements such as gloves, mask, ventilation, eye protection, or keep away from children if visible."
amazon_nonfood_img_031,Amazon,non_food,fabric_cleaners,"ForceField Fabric Cleaner Professional Strength, Deeply Penetrates Water Safe Fabric & Fibers of Upholstery, Clothing, Rugs & Carpeting - 22oz",https://www.amazon.com/s?k=ForceField+Fabric+Cleaner+Professional+Strength%2C+Deeply+Penetrates+Water+Safe+Fabric+%26+Fibers+of+Upholstery%2C+Clothing%2C+Rugs+%26+Carpeting+-+22oz,benchmark_images/amazon_nonfood_img_031/front.png,benchmark_images/amazon_nonfood_img_031/ingredients.png,benchmark_images/amazon_nonfood_img_031/warning.png,pending,"Include caution statements such as gloves, mask, ventilation, eye protection, or keep away from children if visible."
amazon_nonfood_img_032,Amazon,non_food,fabric_cleaners,"NOYATECH Couch Cleaner and Stain Remover Spray – Professional Strength, Multi-Surface Fabric and Upholstery Cleaner – Pet-Safe, Non-Toxic, Quick-Drying for Couches, Sofas & Car Interiors (32 oz)",https://www.amazon.com/s?k=NOYATECH+Couch+Cleaner+and+Stain+Remover+Spray+%E2%80%93+Professional+Strength%2C+Multi-Surface+Fabric+and+Upholstery+Cleaner+%E2%80%93+Pet-Safe%2C+Non-Toxic%2C+Quick-Drying+for+Couches%2C+Sofas+%26+Car+Interiors+%2832+oz%29,benchmark_images/amazon_nonfood_img_032/front.png,benchmark_images/amazon_nonfood_img_032/ingredients.png,benchmark_images/amazon_nonfood_img_032/warning.png,pending,"Include caution statements such as gloves, mask, ventilation, eye protection, or keep away from children if visible."
amazon_nonfood_img_033,Amazon,non_food,fabric_cleaners,"Rocco & Roxie Oxy Stain Remover - Oxygen Powered Carpet Cleaner Spray - Spot Cleaner for Upholstery, Couch, Laundry, Rug, Clothes, Car Seat, Mattress, Sofa, and More",https://www.amazon.com/s?k=Rocco+%26+Roxie+Oxy+Stain+Remover+-+Oxygen+Powered+Carpet+Cleaner+Spray+-+Spot+Cleaner+for+Upholstery%2C+Couch%2C+Laundry%2C+Rug%2C+Clothes%2C+Car+Seat%2C+Mattress%2C+Sofa%2C+and+More,benchmark_images/amazon_nonfood_img_033/front.png,benchmark_images/amazon_nonfood_img_033/ingredients.png,benchmark_images/amazon_nonfood_img_033/warning.png,pending,"Include caution statements such as gloves, mask, ventilation, eye protection, or keep away from children if visible."
amazon_nonfood_img_034,Amazon,non_food,fabric_cleaners,"Sunbrella Clean Multi-Purpose Fabric Cleaner | All-in-One Solution for Water-Safe Fabrics and Vinyl | Upholstery Cleaner, Removes Stains & Spills | Non-PFAS | 16 fl oz",https://www.amazon.com/s?k=Sunbrella+Clean+Multi-Purpose+Fabric+Cleaner+%7C+All-in-One+Solution+for+Water-Safe+Fabrics+and+Vinyl+%7C+Upholstery+Cleaner%2C+Removes+Stains+%26+Spills+%7C+Non-PFAS+%7C+16+fl+oz,benchmark_images/amazon_nonfood_img_034/front.png,benchmark_images/amazon_nonfood_img_034/ingredients.png,benchmark_images/amazon_nonfood_img_034/warning.png,pending,"Include caution statements such as gloves, mask, ventilation, eye protection, or keep away from children if visible."
amazon_nonfood_img_035,Amazon,non_food,fabric_cleaners,"protectME Fabric Protector and Stain Resistant Spray - Upholstery Fabric Spray for Carpet, Shoes, Couch, Sofa - Non Toxic Water Based Furniture Protector - 25.4 Fl. Oz.",https://www.amazon.com/s?k=protectME+Fabric+Protector+and+Stain+Resistant+Spray+-+Upholstery+Fabric+Spray+for+Carpet%2C+Shoes%2C+Couch%2C+Sofa+-+Non+Toxic+Water+Based+Furniture+Protector+-+25.4+Fl.+Oz.,benchmark_images/amazon_nonfood_img_035/front.png,benchmark_images/amazon_nonfood_img_035/ingredients.png,benchmark_images/amazon_nonfood_img_035/warning.png,pending,"Include caution statements such as gloves, mask, ventilation, eye protection, or keep away from children if visible."
amazon_nonfood_img_036,Amazon,non_food,laundry_softener,"Downy Fabric Softener Liquid, April Fresh Scent, 140 fl oz, 190 Loads, HE Compatible",https://www.amazon.com/s?k=Downy+Fabric+Softener+Liquid%2C+April+Fresh+Scent%2C+140+fl+oz%2C+190+Loads%2C+HE+Compatible,benchmark_images/amazon_nonfood_img_036/front.png,benchmark_images/amazon_nonfood_img_036/ingredients.png,benchmark_images/amazon_nonfood_img_036/warning.png,pending,"Include caution statements such as gloves, mask, ventilation, eye protection, or keep away from children if visible."
amazon_nonfood_img_037,Amazon,non_food,laundry_softener,"Downy Fabric Softener Liquid, Cool Cotton Scent, 140 fl oz, 190 Loads",https://www.amazon.com/s?k=Downy+Fabric+Softener+Liquid%2C+Cool+Cotton+Scent%2C+140+fl+oz%2C+190+Loads,benchmark_images/amazon_nonfood_img_037/front.png,benchmark_images/amazon_nonfood_img_037/ingredients.png,benchmark_images/amazon_nonfood_img_037/warning.png,pending,"Include caution statements such as gloves, mask, ventilation, eye protection, or keep away from children if visible."
amazon_nonfood_img_038,Amazon,non_food,laundry_softener,"Downy Ultra Soft Fabric Softener Liquid, Calm, Lavender and Vanilla Bean, 56 fl oz, 83 Loads, Pack of 2",https://www.amazon.com/s?k=Downy+Ultra+Soft+Fabric+Softener+Liquid%2C+Calm%2C+Lavender+and+Vanilla+Bean%2C+56+fl+oz%2C+83+Loads%2C+Pack+of+2,benchmark_images/amazon_nonfood_img_038/front.png,benchmark_images/amazon_nonfood_img_038/ingredients.png,benchmark_images/amazon_nonfood_img_038/warning.png,pending,"Include caution statements such as gloves, mask, ventilation, eye protection, or keep away from children if visible."
amazon_nonfood_img_039,Amazon,non_food,laundry_softener,"Downy Free & Gentle Fabric Softener, Fabric Conditioner, Hypoallergenic, 190 Loads, 140 fl oz",https://www.amazon.com/s?k=Downy+Free+%26+Gentle+Fabric+Softener%2C+Fabric+Conditioner%2C+Hypoallergenic%2C+190+Loads%2C+140+fl+oz,benchmark_images/amazon_nonfood_img_039/front.png,benchmark_images/amazon_nonfood_img_039/ingredients.png,benchmark_images/amazon_nonfood_img_039/warning.png,pending,"Include caution statements such as gloves, mask, ventilation, eye protection, or keep away from children if visible."
amazon_nonfood_img_040,Amazon,non_food,laundry_softener,"Gain Fabric Softener, Original Scent, 140 fl oz, 190 Loads, HE Compatible",https://www.amazon.com/s?k=Gain+Fabric+Softener%2C+Original+Scent%2C+140+fl+oz%2C+190+Loads%2C+HE+Compatible,benchmark_images/amazon_nonfood_img_040/front.png,benchmark_images/amazon_nonfood_img_040/ingredients.png,benchmark_images/amazon_nonfood_img_040/warning.png,pending,"Include caution statements such as gloves, mask, ventilation, eye protection, or keep away from children if visible."
amazon_nonfood_img_041,Amazon,non_food,laundry_softener,"Gain + Odor Defense Liquid Fabric Softener, Super Fresh Blast Scent, 140 oz 190 Loads, HE Compatible",https://www.amazon.com/s?k=Gain+%2B+Odor+Defense+Liquid+Fabric+Softener%2C+Super+Fresh+Blast+Scent%2C+140+oz+190+Loads%2C+HE+Compatible,benchmark_images/amazon_nonfood_img_041/front.png,benchmark_images/amazon_nonfood_img_041/ingredients.png,benchmark_images/amazon_nonfood_img_041/warning.png,pending,"Include caution statements such as gloves, mask, ventilation, eye protection, or keep away from children if visible."
amazon_nonfood_img_042,Amazon,non_food,laundry_softener,"Downy Rinse & Refresh Laundry Odor Remover And Fabric Softener, Cool Cotton, 48 Fl Oz, HE Compatible",https://www.amazon.com/s?k=Downy+Rinse+%26+Refresh+Laundry+Odor+Remover+And+Fabric+Softener%2C+Cool+Cotton%2C+48+Fl+Oz%2C+HE+Compatible,benchmark_images/amazon_nonfood_img_042/front.png,benchmark_images/amazon_nonfood_img_042/ingredients.png,benchmark_images/amazon_nonfood_img_042/warning.png,pending,"Include caution statements such as gloves, mask, ventilation, eye protection, or keep away from children if visible."
amazon_nonfood_img_043,Amazon,non_food,kitchen_home,"Owala FreeSip Insulated Stainless Steel Water Bottle with Straw, BPA-Free Sports Water Bottle, Great for Travel, 24 Oz, Denim",https://www.amazon.com/s?k=Owala+FreeSip+Insulated+Stainless+Steel+Water+Bottle+with+Straw%2C+BPA-Free+Sports+Water+Bottle%2C+Great+for+Travel%2C+24+Oz%2C+Denim,benchmark_images/amazon_nonfood_img_043/front.png,benchmark_images/amazon_nonfood_img_043/ingredients.png,benchmark_images/amazon_nonfood_img_043/warning.png,pending,"Capture 1 to 3 images from listing, ingredients, warning, or use-instruction view."
amazon_nonfood_img_044,Amazon,non_food,kitchen_home,"Alpha Grillers Meat Thermometer Digital - Instant Read Food Thermometer for Cooking, Grilling, Air Fryer, Griddle",https://www.amazon.com/s?k=Alpha+Grillers+Meat+Thermometer+Digital+-+Instant+Read+Food+Thermometer+for+Cooking%2C+Grilling%2C+Air+Fryer%2C+Griddle,benchmark_images/amazon_nonfood_img_044/front.png,benchmark_images/amazon_nonfood_img_044/ingredients.png,benchmark_images/amazon_nonfood_img_044/warning.png,pending,"Capture 1 to 3 images from listing, ingredients, warning, or use-instruction view."
amazon_nonfood_img_045,Amazon,non_food,kitchen_home,"Etekcity Food Kitchen Scale, Digital Grams and Ounces for Weight Loss, Baking, Cooking, Keto and Meal Prep",https://www.amazon.com/s?k=Etekcity+Food+Kitchen+Scale%2C+Digital+Grams+and+Ounces+for+Weight+Loss%2C+Baking%2C+Cooking%2C+Keto+and+Meal+Prep,benchmark_images/amazon_nonfood_img_045/front.png,benchmark_images/amazon_nonfood_img_045/ingredients.png,benchmark_images/amazon_nonfood_img_045/warning.png,pending,"Capture 1 to 3 images from listing, ingredients, warning, or use-instruction view."
amazon_nonfood_img_046,Amazon,non_food,kitchen_home,"Amazon Basics Digital Kitchen Scale with LCD Display, Batteries Included, Weighs up to 11 pounds, Black and Stainless Steel",https://www.amazon.com/s?k=Amazon+Basics+Digital+Kitchen+Scale+with+LCD+Display%2C+Batteries+Included%2C+Weighs+up+to+11+pounds%2C+Black+and+Stainless+Steel,benchmark_images/amazon_nonfood_img_046/front.png,benchmark_images/amazon_nonfood_img_046/ingredients.png,benchmark_images/amazon_nonfood_img_046/warning.png,pending,"Capture 1 to 3 images from listing, ingredients, warning, or use-instruction view."
amazon_nonfood_img_047,Amazon,non_food,kitchen_home,"HydroJug Traveler - 40 oz Water Bottle with Handle & Flip Straw - Fits in Cup Holder, Leak Resistant Tumbler",https://www.amazon.com/s?k=HydroJug+Traveler+-+40+oz+Water+Bottle+with+Handle+%26+Flip+Straw+-+Fits+in+Cup+Holder%2C+Leak+Resistant+Tumbler,benchmark_images/amazon_nonfood_img_047/front.png,benchmark_images/amazon_nonfood_img_047/ingredients.png,benchmark_images/amazon_nonfood_img_047/warning.png,pending,"Capture 1 to 3 images from listing, ingredients, warning, or use-instruction view."
amazon_nonfood_img_048,Amazon,non_food,bonus_nonfood_mix,"protectME Fabric Protector and Stain Resistant Spray - Upholstery Fabric Spray for Carpet, Shoes, Couch, Sofa - Non Toxic Water Based Furniture Protector - 25.4 Fl. Oz.",https://www.amazon.com/s?k=protectME+Fabric+Protector+and+Stain+Resistant+Spray+-+Upholstery+Fabric+Spray+for+Carpet%2C+Shoes%2C+Couch%2C+Sofa+-+Non+Toxic+Water+Based+Furniture+Protector+-+25.4+Fl.+Oz.,benchmark_images/amazon_nonfood_img_048/front.png,benchmark_images/amazon_nonfood_img_048/ingredients.png,benchmark_images/amazon_nonfood_img_048/warning.png,pending,"Capture 1 to 3 images from listing, ingredients, warning, or use-instruction view."
amazon_nonfood_img_049,Amazon,non_food,bonus_nonfood_mix,"Amazon Brand - Mama Bear Gentle Touch Diapers, Size 5, 132 Count",https://www.amazon.com/s?k=Amazon+Brand+-+Mama+Bear+Gentle+Touch+Diapers%2C+Size+5%2C+132+Count,benchmark_images/amazon_nonfood_img_049/front.png,benchmark_images/amazon_nonfood_img_049/ingredients.png,benchmark_images/amazon_nonfood_img_049/warning.png,pending,"Capture 1 to 3 images from listing, ingredients, warning, or use-instruction view."
amazon_nonfood_img_050,Amazon,non_food,bonus_nonfood_mix,"Sunbrella Clean Multi-Purpose Fabric Cleaner | All-in-One Solution for Water-Safe Fabrics and Vinyl | Upholstery Cleaner, Removes Stains & Spills | Non-PFAS | 16 fl oz",https://www.amazon.com/s?k=Sunbrella+Clean+Multi-Purpose+Fabric+Cleaner+%7C+All-in-One+Solution+for+Water-Safe+Fabrics+and+Vinyl+%7C+Upholstery+Cleaner%2C+Removes+Stains+%26+Spills+%7C+Non-PFAS+%7C+16+fl+oz,benchmark_images/amazon_nonfood_img_050/front.png,benchmark_images/amazon_nonfood_img_050/ingredients.png,benchmark_images/amazon_nonfood_img_050/warning.png,pending,"Capture 1 to 3 images from listing, ingredients, warning, or use-instruction view."
