benchmark_id,source_marketplace,source_type,segment,category_group,amazon_seed_title,benchmark_question
amazon_001,Amazon,amazon_seed_title,food,grocery_general,"CELSIUS Assorted Flavors Official Variety Pack, Functional Essential Energy Drinks, 12 Fl Oz (Pack of 12)","A user found this Amazon product: 'CELSIUS Assorted Flavors Official Variety Pack, Functional Essential Energy Drinks, 12 Fl Oz (Pack of 12)'. They want a cautious consumer-safety explanation focused on ingredients, additives, processing-related concerns, possible Prop 65 links, regional additive rules, and whether occasional use is probably low concern or worth limiting. Category hint: grocery_general."
amazon_002,Amazon,amazon_seed_title,food,grocery_general,"Nespresso Capsules Vertuo, Variety Pack, Medium and Dark Roast Coffee, 30 Count Coffee Pods, Brews 7.8 oz.","A user found this Amazon product: 'Nespresso Capsules Vertuo, Variety Pack, Medium and Dark Roast Coffee, 30 Count Coffee Pods, Brews 7.8 oz.'. They want a cautious consumer-safety explanation focused on ingredients, additives, processing-related concerns, possible Prop 65 links, regional additive rules, and whether occasional use is probably low concern or worth limiting. Category hint: grocery_general."
amazon_003,Amazon,amazon_seed_title,food,grocery_general,"Premier Protein Shake, Chocolate, 30g Protein 1g Sugar 24 Vitamins Minerals Nutrients to Support Immune Health, 11.5 fl oz (Pack of 12)","A user found this Amazon product: 'Premier Protein Shake, Chocolate, 30g Protein 1g Sugar 24 Vitamins Minerals Nutrients to Support Immune Health, 11.5 fl oz (Pack of 12)'. They want a cautious consumer-safety explanation focused on ingredients, additives, processing-related concerns, possible Prop 65 links, regional additive rules, and whether occasional use is probably low concern or worth limiting. Category hint: grocery_general."
amazon_004,Amazon,amazon_seed_title,food,grocery_general,"Sparkling Ice, Black Raspberry Sparkling Water, Zero Sugar Flavored Water, with Vitamins and Antioxidants, Low Calorie Beverage, 17 fl oz Bottles (Pack of 12)","A user found this Amazon product: 'Sparkling Ice, Black Raspberry Sparkling Water, Zero Sugar Flavored Water, with Vitamins and Antioxidants, Low Calorie Beverage, 17 fl oz Bottles (Pack of 12)'. They want a cautious consumer-safety explanation focused on ingredients, additives, processing-related concerns, possible Prop 65 links, regional additive rules, and whether occasional use is probably low concern or worth limiting. Category hint: grocery_general."
amazon_005,Amazon,amazon_seed_title,food,grocery_general,"Monster Energy Zero Ultra, Sugar Free Energy Drink, 16 Ounce (Pack of 15)","A user found this Amazon product: 'Monster Energy Zero Ultra, Sugar Free Energy Drink, 16 Ounce (Pack of 15)'. They want a cautious consumer-safety explanation focused on ingredients, additives, processing-related concerns, possible Prop 65 links, regional additive rules, and whether occasional use is probably low concern or worth limiting. Category hint: grocery_general."
amazon_006,Amazon,amazon_seed_title,food,grocery_general,"Core Power Protein Shake, Chocolate, 26g Bottle, 14oz, 12 Pack","A user found this Amazon product: 'Core Power Protein Shake, Chocolate, 26g Bottle, 14oz, 12 Pack'. They want a cautious consumer-safety explanation focused on ingredients, additives, processing-related concerns, possible Prop 65 links, regional additive rules, and whether occasional use is probably low concern or worth limiting. Category hint: grocery_general."
amazon_007,Amazon,amazon_seed_title,food,granola_bars,"Nature Valley Crunchy Granola Bars, Value Pack, 60 Bars, 44.7 OZ Count (30 Pouches)","A user found this Amazon product: 'Nature Valley Crunchy Granola Bars, Value Pack, 60 Bars, 44.7 OZ Count (30 Pouches)'. They want a cautious consumer-safety explanation focused on ingredients, additives, processing-related concerns, possible Prop 65 links, regional additive rules, and whether occasional use is probably low concern or worth limiting. Category hint: granola_bars."
amazon_008,Amazon,amazon_seed_title,food,granola_bars,"Nature Valley Crunchy Oats 'n Honey Granola Bars, 60 Bars, 44.7 OZ (30 Pouches)","A user found this Amazon product: 'Nature Valley Crunchy Oats 'n Honey Granola Bars, 60 Bars, 44.7 OZ (30 Pouches)'. They want a cautious consumer-safety explanation focused on ingredients, additives, processing-related concerns, possible Prop 65 links, regional additive rules, and whether occasional use is probably low concern or worth limiting. Category hint: granola_bars."
amazon_009,Amazon,amazon_seed_title,food,granola_bars,"KIND Breakfast Bars, Peanut Butter, Healthy Snacks, Gluten Free, 5g Protein, 6 Count","A user found this Amazon product: 'KIND Breakfast Bars, Peanut Butter, Healthy Snacks, Gluten Free, 5g Protein, 6 Count'. They want a cautious consumer-safety explanation focused on ingredients, additives, processing-related concerns, possible Prop 65 links, regional additive rules, and whether occasional use is probably low concern or worth limiting. Category hint: granola_bars."
amazon_010,Amazon,amazon_seed_title,food,granola_bars,"Nature Valley Chewy Granola Bars, Protein, Peanut Butter Dark Chocolate, 15 bars, 21.3 OZ","A user found this Amazon product: 'Nature Valley Chewy Granola Bars, Protein, Peanut Butter Dark Chocolate, 15 bars, 21.3 OZ'. They want a cautious consumer-safety explanation focused on ingredients, additives, processing-related concerns, possible Prop 65 links, regional additive rules, and whether occasional use is probably low concern or worth limiting. Category hint: granola_bars."
amazon_011,Amazon,amazon_seed_title,food,granola_bars,CLIF Kid Zbar - Chocolate Brownie - Soft Baked Whole Grain Snack Bars - USDA Organic - Non-GMO - Plant-Based - 1.27 oz. (18 Pack),"A user found this Amazon product: 'CLIF Kid Zbar - Chocolate Brownie - Soft Baked Whole Grain Snack Bars - USDA Organic - Non-GMO - Plant-Based - 1.27 oz. (18 Pack)'. They want a cautious consumer-safety explanation focused on ingredients, additives, processing-related concerns, possible Prop 65 links, regional additive rules, and whether occasional use is probably low concern or worth limiting. Category hint: granola_bars."
amazon_012,Amazon,amazon_seed_title,food,granola_cereal,"Cascadian Farm Organic Granola with No Added Sugar, Blueberry Vanilla Cereal, Resealable Pouch, 11 oz.","A user found this Amazon product: 'Cascadian Farm Organic Granola with No Added Sugar, Blueberry Vanilla Cereal, Resealable Pouch, 11 oz.'. They want a cautious consumer-safety explanation focused on ingredients, additives, processing-related concerns, possible Prop 65 links, regional additive rules, and whether occasional use is probably low concern or worth limiting. Category hint: granola_cereal."
amazon_013,Amazon,amazon_seed_title,food,granola_cereal,"Nature Valley Protein Granola, Oats and Honey Granola, Resealable Snack Pouch, Family Size, 17 oz","A user found this Amazon product: 'Nature Valley Protein Granola, Oats and Honey Granola, Resealable Snack Pouch, Family Size, 17 oz'. They want a cautious consumer-safety explanation focused on ingredients, additives, processing-related concerns, possible Prop 65 links, regional additive rules, and whether occasional use is probably low concern or worth limiting. Category hint: granola_cereal."
amazon_014,Amazon,amazon_seed_title,food,granola_cereal,"Cascadian Farm Organic Granola, Oats and Honey Cereal, Resealable Pouch, 11 oz.","A user found this Amazon product: 'Cascadian Farm Organic Granola, Oats and Honey Cereal, Resealable Pouch, 11 oz.'. They want a cautious consumer-safety explanation focused on ingredients, additives, processing-related concerns, possible Prop 65 links, regional additive rules, and whether occasional use is probably low concern or worth limiting. Category hint: granola_cereal."
amazon_015,Amazon,amazon_seed_title,food,granola_cereal,"Purely Elizabeth Organic Original, Ancient Grain Granola, Gluten-Free, Non-GMO (3 Ct, 12oz Bags)","A user found this Amazon product: 'Purely Elizabeth Organic Original, Ancient Grain Granola, Gluten-Free, Non-GMO (3 Ct, 12oz Bags)'. They want a cautious consumer-safety explanation focused on ingredients, additives, processing-related concerns, possible Prop 65 links, regional additive rules, and whether occasional use is probably low concern or worth limiting. Category hint: granola_cereal."
amazon_016,Amazon,amazon_seed_title,food,granola_cereal,"Quaker Simply Granola Honey & Almond, (Pack of 2)","A user found this Amazon product: 'Quaker Simply Granola Honey & Almond, (Pack of 2)'. They want a cautious consumer-safety explanation focused on ingredients, additives, processing-related concerns, possible Prop 65 links, regional additive rules, and whether occasional use is probably low concern or worth limiting. Category hint: granola_cereal."
amazon_017,Amazon,amazon_seed_title,food,whole_coffee_beans,"Lavazza Super Crema Whole Bean Coffee, Medium Espresso Roast, Arabica and Robusta Blend, 2.2 lb Bag, Package May Vary (Pack of 1)","A user found this Amazon product: 'Lavazza Super Crema Whole Bean Coffee, Medium Espresso Roast, Arabica and Robusta Blend, 2.2 lb Bag, Package May Vary (Pack of 1)'. They want a cautious consumer-safety explanation focused on ingredients, additives, processing-related concerns, possible Prop 65 links, regional additive rules, and whether occasional use is probably low concern or worth limiting. Category hint: whole_coffee_beans."
amazon_018,Amazon,amazon_seed_title,food,whole_coffee_beans,"Lavazza Espresso Whole Bean Coffee, Medium Roast, 100% Arabica, 2.2 lb Bag (Pack of 1)","A user found this Amazon product: 'Lavazza Espresso Whole Bean Coffee, Medium Roast, 100% Arabica, 2.2 lb Bag (Pack of 1)'. They want a cautious consumer-safety explanation focused on ingredients, additives, processing-related concerns, possible Prop 65 links, regional additive rules, and whether occasional use is probably low concern or worth limiting. Category hint: whole_coffee_beans."
amazon_019,Amazon,amazon_seed_title,food,whole_coffee_beans,"Illy Classico Whole Bean Coffee, Medium Roast, Classic Roast With Notes Of Caramel, Orange Blossom And Jasmine, 100% Arabica Coffee, No Preservatives, 8.8 Ounce Can (Pack Of 1)","A user found this Amazon product: 'Illy Classico Whole Bean Coffee, Medium Roast, Classic Roast With Notes Of Caramel, Orange Blossom And Jasmine, 100% Arabica Coffee, No Preservatives, 8.8 Ounce Can (Pack Of 1)'. They want a cautious consumer-safety explanation focused on ingredients, additives, processing-related concerns, possible Prop 65 links, regional additive rules, and whether occasional use is probably low concern or worth limiting. Category hint: whole_coffee_beans."
amazon_020,Amazon,amazon_seed_title,food,whole_coffee_beans,"Amazon Fresh, Colombia Whole Bean Coffee Medium Roast, 32 Oz","A user found this Amazon product: 'Amazon Fresh, Colombia Whole Bean Coffee Medium Roast, 32 Oz'. They want a cautious consumer-safety explanation focused on ingredients, additives, processing-related concerns, possible Prop 65 links, regional additive rules, and whether occasional use is probably low concern or worth limiting. Category hint: whole_coffee_beans."
amazon_021,Amazon,amazon_seed_title,food,whole_coffee_beans,"Lavazza Espresso Whole Bean Coffee, Medium Roast, 100% Arabica, 2.2 lb Bag","A user found this Amazon product: 'Lavazza Espresso Whole Bean Coffee, Medium Roast, 100% Arabica, 2.2 lb Bag'. They want a cautious consumer-safety explanation focused on ingredients, additives, processing-related concerns, possible Prop 65 links, regional additive rules, and whether occasional use is probably low concern or worth limiting. Category hint: whole_coffee_beans."
amazon_022,Amazon,amazon_seed_title,food,sunflower_seeds,"DAVID Roasted and Salted Jumbo Sunflower Seeds, Cracked Pepper Flavor, 5.25oz.","A user found this Amazon product: 'DAVID Roasted and Salted Jumbo Sunflower Seeds, Cracked Pepper Flavor, 5.25oz.'. They want a cautious consumer-safety explanation focused on ingredients, additives, processing-related concerns, possible Prop 65 links, regional additive rules, and whether occasional use is probably low concern or worth limiting. Category hint: sunflower_seeds."
amazon_023,Amazon,amazon_seed_title,food,sunflower_seeds,"DAVID Roasted and Salted Reduced Sodium Sunflower Seeds, Original Flavor, 16oz.","A user found this Amazon product: 'DAVID Roasted and Salted Reduced Sodium Sunflower Seeds, Original Flavor, 16oz.'. They want a cautious consumer-safety explanation focused on ingredients, additives, processing-related concerns, possible Prop 65 links, regional additive rules, and whether occasional use is probably low concern or worth limiting. Category hint: sunflower_seeds."
amazon_024,Amazon,amazon_seed_title,food,sunflower_seeds,"Elan Organic Raw Sunflower Seeds, 7.1 oz, Unsalted Kernels, Shelled Seeds, No Shell, Non-GMO, Vegan, Gluten-Free, Kosher, All Natural Snacks & Toppings","A user found this Amazon product: 'Elan Organic Raw Sunflower Seeds, 7.1 oz, Unsalted Kernels, Shelled Seeds, No Shell, Non-GMO, Vegan, Gluten-Free, Kosher, All Natural Snacks & Toppings'. They want a cautious consumer-safety explanation focused on ingredients, additives, processing-related concerns, possible Prop 65 links, regional additive rules, and whether occasional use is probably low concern or worth limiting. Category hint: sunflower_seeds."
amazon_025,Amazon,amazon_seed_title,food,sunflower_seeds,"BIGS Sunflower Seeds, Vlasic Dill Pickle Flavor, 5.35 oz.","A user found this Amazon product: 'BIGS Sunflower Seeds, Vlasic Dill Pickle Flavor, 5.35 oz.'. They want a cautious consumer-safety explanation focused on ingredients, additives, processing-related concerns, possible Prop 65 links, regional additive rules, and whether occasional use is probably low concern or worth limiting. Category hint: sunflower_seeds."
amazon_026,Amazon,amazon_seed_title,food,sunflower_seeds,"DAVID Roasted and Salted Jumbo Sunflower Seeds, Bar-B-Q Flavor, 5.25oz.","A user found this Amazon product: 'DAVID Roasted and Salted Jumbo Sunflower Seeds, Bar-B-Q Flavor, 5.25oz.'. They want a cautious consumer-safety explanation focused on ingredients, additives, processing-related concerns, possible Prop 65 links, regional additive rules, and whether occasional use is probably low concern or worth limiting. Category hint: sunflower_seeds."
amazon_027,Amazon,amazon_seed_title,food,whey_protein,"Dymatize ISO 100 Whey Protein Powder with 25g of Hydrolyzed 100% Whey Isolate, Vanilla 5 Pound, Package may vary","A user found this Amazon product: 'Dymatize ISO 100 Whey Protein Powder with 25g of Hydrolyzed 100% Whey Isolate, Vanilla 5 Pound, Package may vary'. They want a cautious consumer-safety explanation focused on ingredients, additives, processing-related concerns, possible Prop 65 links, regional additive rules, and whether occasional use is probably low concern or worth limiting. Category hint: whey_protein."
amazon_028,Amazon,amazon_seed_title,food,whey_protein,"Optimum Nutrition Gold Standard 100% Whey Protein Powder, Double Rich Chocolate, 2 Pound (Packaging May Vary)","A user found this Amazon product: 'Optimum Nutrition Gold Standard 100% Whey Protein Powder, Double Rich Chocolate, 2 Pound (Packaging May Vary)'. They want a cautious consumer-safety explanation focused on ingredients, additives, processing-related concerns, possible Prop 65 links, regional additive rules, and whether occasional use is probably low concern or worth limiting. Category hint: whey_protein."
amazon_029,Amazon,amazon_seed_title,food,whey_protein,"Body Fortress Super Advanced Whey Protein Powder, Vanilla, Immune Support, Vitamins C & D Plus Zinc, 1.74 lbs","A user found this Amazon product: 'Body Fortress Super Advanced Whey Protein Powder, Vanilla, Immune Support, Vitamins C & D Plus Zinc, 1.74 lbs'. They want a cautious consumer-safety explanation focused on ingredients, additives, processing-related concerns, possible Prop 65 links, regional additive rules, and whether occasional use is probably low concern or worth limiting. Category hint: whey_protein."
amazon_030,Amazon,amazon_seed_title,food,whey_protein,"Premier Protein Powder, Vanilla Milkshake, 30g Protein, 1g Sugar, 100% Whey Protein, Keto Friendly, No Soy Ingredients, Gluten Free, 17 Servings, 23.3 Ounces","A user found this Amazon product: 'Premier Protein Powder, Vanilla Milkshake, 30g Protein, 1g Sugar, 100% Whey Protein, Keto Friendly, No Soy Ingredients, Gluten Free, 17 Servings, 23.3 Ounces'. They want a cautious consumer-safety explanation focused on ingredients, additives, processing-related concerns, possible Prop 65 links, regional additive rules, and whether occasional use is probably low concern or worth limiting. Category hint: whey_protein."
amazon_031,Amazon,amazon_seed_title,food,whey_protein,FlavCity Grass Fed Whey Protein Powder - Vanilla Smoothie - 25g Protein & 10g Collagen - Made with Real Vanilla Bean & Organic Coconut Milk - Gluten Free & No Added Sugars (20 Servings),"A user found this Amazon product: 'FlavCity Grass Fed Whey Protein Powder - Vanilla Smoothie - 25g Protein & 10g Collagen - Made with Real Vanilla Bean & Organic Coconut Milk - Gluten Free & No Added Sugars (20 Servings)'. They want a cautious consumer-safety explanation focused on ingredients, additives, processing-related concerns, possible Prop 65 links, regional additive rules, and whether occasional use is probably low concern or worth limiting. Category hint: whey_protein."
amazon_032,Amazon,amazon_seed_title,food,collagen,"Vital Proteins Collagen Peptides Powder - Grass Fed Collagen Peptides for Hair, Nail, Skin, Bone & Joint Health, Unflavored, 27 Servings","A user found this Amazon product: 'Vital Proteins Collagen Peptides Powder - Grass Fed Collagen Peptides for Hair, Nail, Skin, Bone & Joint Health, Unflavored, 27 Servings'. They want a cautious consumer-safety explanation focused on ingredients, additives, processing-related concerns, possible Prop 65 links, regional additive rules, and whether occasional use is probably low concern or worth limiting. Category hint: collagen."
amazon_033,Amazon,amazon_seed_title,food,collagen,"Vital Proteins Collagen Peptides Powder Advanced with Hyaluronic Acid & Vitamin C - 20oz Collagen Protein, Unflavored, 28 Servings","A user found this Amazon product: 'Vital Proteins Collagen Peptides Powder Advanced with Hyaluronic Acid & Vitamin C - 20oz Collagen Protein, Unflavored, 28 Servings'. They want a cautious consumer-safety explanation focused on ingredients, additives, processing-related concerns, possible Prop 65 links, regional additive rules, and whether occasional use is probably low concern or worth limiting. Category hint: collagen."
amazon_034,Amazon,amazon_seed_title,food,collagen,"Collagen Peptides Powder - Naturally-Sourced Hydrolyzed Collagen Powder - Hair, Skin, Nail, and Joint Support - Type I & III Grass-Fed Collagen Supplements for Women and Men - 41 Servings - 16oz","A user found this Amazon product: 'Collagen Peptides Powder - Naturally-Sourced Hydrolyzed Collagen Powder - Hair, Skin, Nail, and Joint Support - Type I & III Grass-Fed Collagen Supplements for Women and Men - 41 Servings - 16oz'. They want a cautious consumer-safety explanation focused on ingredients, additives, processing-related concerns, possible Prop 65 links, regional additive rules, and whether occasional use is probably low concern or worth limiting. Category hint: collagen."
amazon_035,Amazon,amazon_seed_title,food,collagen,"Ancient Nutrition Collagen Powder Protein with Probiotics, Unflavored Multi Collagen Protein with Vitamin C, 45 Servings, Hydrolyzed Collagen Peptides Supports Skin and Nails, Gut Health, 16oz","A user found this Amazon product: 'Ancient Nutrition Collagen Powder Protein with Probiotics, Unflavored Multi Collagen Protein with Vitamin C, 45 Servings, Hydrolyzed Collagen Peptides Supports Skin and Nails, Gut Health, 16oz'. They want a cautious consumer-safety explanation focused on ingredients, additives, processing-related concerns, possible Prop 65 links, regional additive rules, and whether occasional use is probably low concern or worth limiting. Category hint: collagen."
amazon_036,Amazon,amazon_seed_title,food,collagen,"Sports Research Collagen Peptides for Women & Men, Unflavored, 16 oz., Hydrolyzed Type 1 & 3 Collagen Powder Protein Supplement for Healthy Skin, Nails, Bones & Joints","A user found this Amazon product: 'Sports Research Collagen Peptides for Women & Men, Unflavored, 16 oz., Hydrolyzed Type 1 & 3 Collagen Powder Protein Supplement for Healthy Skin, Nails, Bones & Joints'. They want a cautious consumer-safety explanation focused on ingredients, additives, processing-related concerns, possible Prop 65 links, regional additive rules, and whether occasional use is probably low concern or worth limiting. Category hint: collagen."
amazon_037,Amazon,amazon_seed_title,food,mct_oil,"Nature's Way Organic MCT Oil, 16 Fl Oz, Brain and Body Fuel from Coconuts, C8 Caprylic Acid and C10 Capric Acid, Keto and Paleo Certified, Organic, Non-GMO Project Verified","A user found this Amazon product: 'Nature's Way Organic MCT Oil, 16 Fl Oz, Brain and Body Fuel from Coconuts, C8 Caprylic Acid and C10 Capric Acid, Keto and Paleo Certified, Organic, Non-GMO Project Verified'. They want a cautious consumer-safety explanation focused on ingredients, additives, processing-related concerns, possible Prop 65 links, regional additive rules, and whether occasional use is probably low concern or worth limiting. Category hint: mct_oil."
amazon_038,Amazon,amazon_seed_title,food,mct_oil,"Sports Research Organic MCT Oil - Keto & Vegan MCTs C8, C10, C12 from Coconuts - Fatty Acid Brain & Body Fuel, Non-GMO & Gluten Free - Flavorless Oil, Perfect in Coffee, Tea & Protein Shakes - 32 oz","A user found this Amazon product: 'Sports Research Organic MCT Oil - Keto & Vegan MCTs C8, C10, C12 from Coconuts - Fatty Acid Brain & Body Fuel, Non-GMO & Gluten Free - Flavorless Oil, Perfect in Coffee, Tea & Protein Shakes - 32 oz'. They want a cautious consumer-safety explanation focused on ingredients, additives, processing-related concerns, possible Prop 65 links, regional additive rules, and whether occasional use is probably low concern or worth limiting. Category hint: mct_oil."
amazon_039,Amazon,amazon_seed_title,food,mct_oil,"Bulletproof Coconut Brain Octane C8 MCT Oil, 16 Ounces, Premium Keto Supplement for Sustained Energy and Fewer Cravings, Brain and Body Fuel, Unflavored, Add to Coffee and Smoothies","A user found this Amazon product: 'Bulletproof Coconut Brain Octane C8 MCT Oil, 16 Ounces, Premium Keto Supplement for Sustained Energy and Fewer Cravings, Brain and Body Fuel, Unflavored, Add to Coffee and Smoothies'. They want a cautious consumer-safety explanation focused on ingredients, additives, processing-related concerns, possible Prop 65 links, regional additive rules, and whether occasional use is probably low concern or worth limiting. Category hint: mct_oil."
amazon_040,Amazon,amazon_seed_title,food,mct_oil,"NOW Supplements, Berberine Glucose Support, Combined with MCT Oil for Optimal Berberine Absorption, 90 Softgels","A user found this Amazon product: 'NOW Supplements, Berberine Glucose Support, Combined with MCT Oil for Optimal Berberine Absorption, 90 Softgels'. They want a cautious consumer-safety explanation focused on ingredients, additives, processing-related concerns, possible Prop 65 links, regional additive rules, and whether occasional use is probably low concern or worth limiting. Category hint: mct_oil."
amazon_041,Amazon,amazon_seed_title,food,mct_oil,"Organic MCT Oil Powder with Prebiotic Fiber, 1 Pound (16 Ounce), Fast Fuel for Body and Brain, C8 MCT Oil for Coffee Creamer, No GMOs, Keto Diet, Vegan","A user found this Amazon product: 'Organic MCT Oil Powder with Prebiotic Fiber, 1 Pound (16 Ounce), Fast Fuel for Body and Brain, C8 MCT Oil for Coffee Creamer, No GMOs, Keto Diet, Vegan'. They want a cautious consumer-safety explanation focused on ingredients, additives, processing-related concerns, possible Prop 65 links, regional additive rules, and whether occasional use is probably low concern or worth limiting. Category hint: mct_oil."
amazon_042,Amazon,amazon_seed_title,food,candy_and_energy_bars,"NO COW Chocolate Peanut Butter Energy Bar, 1.77 OZ","A user found this Amazon product: 'NO COW Chocolate Peanut Butter Energy Bar, 1.77 OZ'. They want a cautious consumer-safety explanation focused on ingredients, additives, processing-related concerns, possible Prop 65 links, regional additive rules, and whether occasional use is probably low concern or worth limiting. Category hint: candy_and_energy_bars."
amazon_043,Amazon,amazon_seed_title,food,candy_and_energy_bars,"Optimum Nutrition Micronized Creatine Monohydrate Powder, Blueberry Lemonade Creatine, 60 Servings, 360 Grams","A user found this Amazon product: 'Optimum Nutrition Micronized Creatine Monohydrate Powder, Blueberry Lemonade Creatine, 60 Servings, 360 Grams'. They want a cautious consumer-safety explanation focused on ingredients, additives, processing-related concerns, possible Prop 65 links, regional additive rules, and whether occasional use is probably low concern or worth limiting. Category hint: candy_and_energy_bars."
amazon_044,Amazon,amazon_seed_title,food,candy_and_energy_bars,"JOHN KELLY CHOCOLATES Dark Chocolate Bourbon Fudge Bar, 1.7 OZ","A user found this Amazon product: 'JOHN KELLY CHOCOLATES Dark Chocolate Bourbon Fudge Bar, 1.7 OZ'. They want a cautious consumer-safety explanation focused on ingredients, additives, processing-related concerns, possible Prop 65 links, regional additive rules, and whether occasional use is probably low concern or worth limiting. Category hint: candy_and_energy_bars."
amazon_045,Amazon,amazon_seed_title,food,candy_and_energy_bars,"BARKTHINS Dark Chocolate Pretzel Snack, 10 OZ","A user found this Amazon product: 'BARKTHINS Dark Chocolate Pretzel Snack, 10 OZ'. They want a cautious consumer-safety explanation focused on ingredients, additives, processing-related concerns, possible Prop 65 links, regional additive rules, and whether occasional use is probably low concern or worth limiting. Category hint: candy_and_energy_bars."
amazon_046,Amazon,amazon_seed_title,food,bonus_food_mix,"Nature Valley Sweet and Salty Granola Bars, Peanut, 30 Bars, 36 OZ","A user found this Amazon product: 'Nature Valley Sweet and Salty Granola Bars, Peanut, 30 Bars, 36 OZ'. They want a cautious consumer-safety explanation focused on ingredients, additives, processing-related concerns, possible Prop 65 links, regional additive rules, and whether occasional use is probably low concern or worth limiting. Category hint: bonus_food_mix."
amazon_047,Amazon,amazon_seed_title,food,bonus_food_mix,CLIF Kid Zbar - Chocolate Brownie - Soft Baked Whole Grain Snack Bars - USDA Organic - Non-GMO - Plant-Based - 1.27 oz. (18 Pack),"A user found this Amazon product: 'CLIF Kid Zbar - Chocolate Brownie - Soft Baked Whole Grain Snack Bars - USDA Organic - Non-GMO - Plant-Based - 1.27 oz. (18 Pack)'. They want a cautious consumer-safety explanation focused on ingredients, additives, processing-related concerns, possible Prop 65 links, regional additive rules, and whether occasional use is probably low concern or worth limiting. Category hint: bonus_food_mix."
amazon_048,Amazon,amazon_seed_title,food,bonus_food_mix,"KIND Breakfast Bars, Peanut Butter, Healthy Snacks, Gluten Free, 5g Protein, 6 Count","A user found this Amazon product: 'KIND Breakfast Bars, Peanut Butter, Healthy Snacks, Gluten Free, 5g Protein, 6 Count'. They want a cautious consumer-safety explanation focused on ingredients, additives, processing-related concerns, possible Prop 65 links, regional additive rules, and whether occasional use is probably low concern or worth limiting. Category hint: bonus_food_mix."
amazon_049,Amazon,amazon_seed_title,food,bonus_food_mix,"Quaker Simply Granola Honey & Almond, (Pack of 2)","A user found this Amazon product: 'Quaker Simply Granola Honey & Almond, (Pack of 2)'. They want a cautious consumer-safety explanation focused on ingredients, additives, processing-related concerns, possible Prop 65 links, regional additive rules, and whether occasional use is probably low concern or worth limiting. Category hint: bonus_food_mix."
amazon_050,Amazon,amazon_seed_title,food,bonus_food_mix,"Elan Organic Raw Sunflower Seeds, 7.1 oz, Unsalted Kernels, Shelled Seeds, No Shell, Non-GMO, Vegan, Gluten-Free, Kosher, All Natural Snacks & Toppings","A user found this Amazon product: 'Elan Organic Raw Sunflower Seeds, 7.1 oz, Unsalted Kernels, Shelled Seeds, No Shell, Non-GMO, Vegan, Gluten-Free, Kosher, All Natural Snacks & Toppings'. They want a cautious consumer-safety explanation focused on ingredients, additives, processing-related concerns, possible Prop 65 links, regional additive rules, and whether occasional use is probably low concern or worth limiting. Category hint: bonus_food_mix."
amazon_051,Amazon,amazon_seed_title,non_food,baby_everyday,"Huggies Simply Clean Unscented Baby Diaper Wipes, 11 Flip-Top Packs (704 Wipes Total), Packaging May Vary","A user found this Amazon product: 'Huggies Simply Clean Unscented Baby Diaper Wipes, 11 Flip-Top Packs (704 Wipes Total), Packaging May Vary'. They want a cautious consumer-safety explanation focused on likely materials, coatings, plasticizers, heavy metals, PFAS, formaldehyde, flame retardants, or other relevant chemical concerns, plus what official sources would be worth checking next. Category hint: baby_everyday."
amazon_052,Amazon,amazon_seed_title,non_food,baby_everyday,"Gaiatop Mini Portable Stroller Fan, Battery Operated Small Clip on, Rechargeable, 360° Rotate Flexible Tripod","A user found this Amazon product: 'Gaiatop Mini Portable Stroller Fan, Battery Operated Small Clip on, Rechargeable, 360° Rotate Flexible Tripod'. They want a cautious consumer-safety explanation focused on likely materials, coatings, plasticizers, heavy metals, PFAS, formaldehyde, flame retardants, or other relevant chemical concerns, plus what official sources would be worth checking next. Category hint: baby_everyday."
amazon_053,Amazon,amazon_seed_title,non_food,baby_everyday,"Amazon Brand - Mama Bear Gentle Touch Diapers, Size 5, 132 Count","A user found this Amazon product: 'Amazon Brand - Mama Bear Gentle Touch Diapers, Size 5, 132 Count'. They want a cautious consumer-safety explanation focused on likely materials, coatings, plasticizers, heavy metals, PFAS, formaldehyde, flame retardants, or other relevant chemical concerns, plus what official sources would be worth checking next. Category hint: baby_everyday."
amazon_054,Amazon,amazon_seed_title,non_food,baby_everyday,"Huggies Natural Care Sensitive Baby Wipes, Unscented, Hypoallergenic, 99% Purified Water, 12 Flip-Top Packs (768 Wipes Total), Packaging May Vary","A user found this Amazon product: 'Huggies Natural Care Sensitive Baby Wipes, Unscented, Hypoallergenic, 99% Purified Water, 12 Flip-Top Packs (768 Wipes Total), Packaging May Vary'. They want a cautious consumer-safety explanation focused on likely materials, coatings, plasticizers, heavy metals, PFAS, formaldehyde, flame retardants, or other relevant chemical concerns, plus what official sources would be worth checking next. Category hint: baby_everyday."
amazon_055,Amazon,amazon_seed_title,non_food,baby_everyday,"Dr. Brown’s Natural Flow Level 2 Narrow Baby Bottle Silicone Nipple, Medium Flow, 3m+, 100% Silicone Bottle Nipple, 6 Count","A user found this Amazon product: 'Dr. Brown’s Natural Flow Level 2 Narrow Baby Bottle Silicone Nipple, Medium Flow, 3m+, 100% Silicone Bottle Nipple, 6 Count'. They want a cautious consumer-safety explanation focused on likely materials, coatings, plasticizers, heavy metals, PFAS, formaldehyde, flame retardants, or other relevant chemical concerns, plus what official sources would be worth checking next. Category hint: baby_everyday."
amazon_056,Amazon,amazon_seed_title,non_food,baby_everyday,"Pampers Training Pants - Easy Ups Boys & Girls Bluey - Size 3T-4T, 124 Count, Children's Potty Underwear","A user found this Amazon product: 'Pampers Training Pants - Easy Ups Boys & Girls Bluey - Size 3T-4T, 124 Count, Children's Potty Underwear'. They want a cautious consumer-safety explanation focused on likely materials, coatings, plasticizers, heavy metals, PFAS, formaldehyde, flame retardants, or other relevant chemical concerns, plus what official sources would be worth checking next. Category hint: baby_everyday."
amazon_057,Amazon,amazon_seed_title,non_food,baby_everyday,"Pampers Baby Diapers - Swaddlers - Size 5, 132 Count, Ultra Absorbent Disposable Infant Diaper","A user found this Amazon product: 'Pampers Baby Diapers - Swaddlers - Size 5, 132 Count, Ultra Absorbent Disposable Infant Diaper'. They want a cautious consumer-safety explanation focused on likely materials, coatings, plasticizers, heavy metals, PFAS, formaldehyde, flame retardants, or other relevant chemical concerns, plus what official sources would be worth checking next. Category hint: baby_everyday."
amazon_058,Amazon,amazon_seed_title,non_food,baby_everyday,"Huggies Newborn Diapers, Little Snugglers Baby Diapers, Size Newborn (up to 10 lbs), 31 Count","A user found this Amazon product: 'Huggies Newborn Diapers, Little Snugglers Baby Diapers, Size Newborn (up to 10 lbs), 31 Count'. They want a cautious consumer-safety explanation focused on likely materials, coatings, plasticizers, heavy metals, PFAS, formaldehyde, flame retardants, or other relevant chemical concerns, plus what official sources would be worth checking next. Category hint: baby_everyday."
amazon_059,Amazon,amazon_seed_title,non_food,baby_everyday,"The Honest Company Clean Conscious Multi-Use Wipes | Hypoallergenic + Unscented for Sensitive Skin | Over 99% Water, Compostable, Plant Based, Baby Wipes | Pattern Play, 720 Count","A user found this Amazon product: 'The Honest Company Clean Conscious Multi-Use Wipes | Hypoallergenic + Unscented for Sensitive Skin | Over 99% Water, Compostable, Plant Based, Baby Wipes | Pattern Play, 720 Count'. They want a cautious consumer-safety explanation focused on likely materials, coatings, plasticizers, heavy metals, PFAS, formaldehyde, flame retardants, or other relevant chemical concerns, plus what official sources would be worth checking next. Category hint: baby_everyday."
amazon_060,Amazon,amazon_seed_title,non_food,baby_everyday,"WaterWipes Plastic-Free Original Baby Wipes, 99.9% Water Based Wipes, Unscented & Hypoallergenic for Sensitive Skin, 60 Count (Pack of 12), Packaging May Vary","A user found this Amazon product: 'WaterWipes Plastic-Free Original Baby Wipes, 99.9% Water Based Wipes, Unscented & Hypoallergenic for Sensitive Skin, 60 Count (Pack of 12), Packaging May Vary'. They want a cautious consumer-safety explanation focused on likely materials, coatings, plasticizers, heavy metals, PFAS, formaldehyde, flame retardants, or other relevant chemical concerns, plus what official sources would be worth checking next. Category hint: baby_everyday."
amazon_061,Amazon,amazon_seed_title,non_food,baby_walkers,"Smart Steps Trend Activity Walker, Space Walk Navy","A user found this Amazon product: 'Smart Steps Trend Activity Walker, Space Walk Navy'. They want a cautious consumer-safety explanation focused on likely materials, coatings, plasticizers, heavy metals, PFAS, formaldehyde, flame retardants, or other relevant chemical concerns, plus what official sources would be worth checking next. Category hint: baby_walkers."
amazon_062,Amazon,amazon_seed_title,non_food,baby_walkers,"Smart Steps 3.0 Activity Walker, Emily","A user found this Amazon product: 'Smart Steps 3.0 Activity Walker, Emily'. They want a cautious consumer-safety explanation focused on likely materials, coatings, plasticizers, heavy metals, PFAS, formaldehyde, flame retardants, or other relevant chemical concerns, plus what official sources would be worth checking next. Category hint: baby_walkers."
amazon_063,Amazon,amazon_seed_title,non_food,baby_walkers,"VTech Sit-to-Stand Learning Walker (Frustration Free Packaging), Blue","A user found this Amazon product: 'VTech Sit-to-Stand Learning Walker (Frustration Free Packaging), Blue'. They want a cautious consumer-safety explanation focused on likely materials, coatings, plasticizers, heavy metals, PFAS, formaldehyde, flame retardants, or other relevant chemical concerns, plus what official sources would be worth checking next. Category hint: baby_walkers."
amazon_064,Amazon,amazon_seed_title,non_food,baby_walkers,Bright Starts Disney Baby Mickey Mouse Original Bestie 2-in-1 Baby Activity Walker,"A user found this Amazon product: 'Bright Starts Disney Baby Mickey Mouse Original Bestie 2-in-1 Baby Activity Walker'. They want a cautious consumer-safety explanation focused on likely materials, coatings, plasticizers, heavy metals, PFAS, formaldehyde, flame retardants, or other relevant chemical concerns, plus what official sources would be worth checking next. Category hint: baby_walkers."
amazon_065,Amazon,amazon_seed_title,non_food,baby_walkers,"Uuoeebb Baby Walker with Wheels, One-Touch Folding Anti-Roll 8-Wheel Baby Walkers, 7-Speed Height Adjustment","A user found this Amazon product: 'Uuoeebb Baby Walker with Wheels, One-Touch Folding Anti-Roll 8-Wheel Baby Walkers, 7-Speed Height Adjustment'. They want a cautious consumer-safety explanation focused on likely materials, coatings, plasticizers, heavy metals, PFAS, formaldehyde, flame retardants, or other relevant chemical concerns, plus what official sources would be worth checking next. Category hint: baby_walkers."
amazon_066,Amazon,amazon_seed_title,non_food,baby_walkers,"Boyro Baby Baby Walker, 5-in-1 Baby Walkers for Boys and Girls 6-12 Months with Bouncer, Removable Footrest, Feeding Tray & Music","A user found this Amazon product: 'Boyro Baby Baby Walker, 5-in-1 Baby Walkers for Boys and Girls 6-12 Months with Bouncer, Removable Footrest, Feeding Tray & Music'. They want a cautious consumer-safety explanation focused on likely materials, coatings, plasticizers, heavy metals, PFAS, formaldehyde, flame retardants, or other relevant chemical concerns, plus what official sources would be worth checking next. Category hint: baby_walkers."
amazon_067,Amazon,amazon_seed_title,non_food,baby_walkers,Baby Walker Head Protector Toddler Adjustable Baby Head Protection Backpack Wear Safety Pad (Flying Dragon),"A user found this Amazon product: 'Baby Walker Head Protector Toddler Adjustable Baby Head Protection Backpack Wear Safety Pad (Flying Dragon)'. They want a cautious consumer-safety explanation focused on likely materials, coatings, plasticizers, heavy metals, PFAS, formaldehyde, flame retardants, or other relevant chemical concerns, plus what official sources would be worth checking next. Category hint: baby_walkers."
amazon_068,Amazon,amazon_seed_title,non_food,baby_walkers,"BABY JOY 4-in-1 Baby Walker, Foldable Activity Walker with Adjustable Height & Speed, Music, Lights, Anti-Rollover","A user found this Amazon product: 'BABY JOY 4-in-1 Baby Walker, Foldable Activity Walker with Adjustable Height & Speed, Music, Lights, Anti-Rollover'. They want a cautious consumer-safety explanation focused on likely materials, coatings, plasticizers, heavy metals, PFAS, formaldehyde, flame retardants, or other relevant chemical concerns, plus what official sources would be worth checking next. Category hint: baby_walkers."
amazon_069,Amazon,amazon_seed_title,non_food,clothing_and_wearables,"Hanes Men's Boxer Briefs, Cool Dri Moisture-Wicking Underwear, Cotton No-Ride-up for Men, Multi-Packs","A user found this Amazon product: 'Hanes Men's Boxer Briefs, Cool Dri Moisture-Wicking Underwear, Cotton No-Ride-up for Men, Multi-Packs'. They want a cautious consumer-safety explanation focused on likely materials, coatings, plasticizers, heavy metals, PFAS, formaldehyde, flame retardants, or other relevant chemical concerns, plus what official sources would be worth checking next. Category hint: clothing_and_wearables."
amazon_070,Amazon,amazon_seed_title,non_food,clothing_and_wearables,Wrangler Authentics Men's Classic Cargo Stretch Short,"A user found this Amazon product: 'Wrangler Authentics Men's Classic Cargo Stretch Short'. They want a cautious consumer-safety explanation focused on likely materials, coatings, plasticizers, heavy metals, PFAS, formaldehyde, flame retardants, or other relevant chemical concerns, plus what official sources would be worth checking next. Category hint: clothing_and_wearables."
amazon_071,Amazon,amazon_seed_title,non_food,clothing_and_wearables,"Gildan Men's Crew T-Shirts, Multipack, Style G1100","A user found this Amazon product: 'Gildan Men's Crew T-Shirts, Multipack, Style G1100'. They want a cautious consumer-safety explanation focused on likely materials, coatings, plasticizers, heavy metals, PFAS, formaldehyde, flame retardants, or other relevant chemical concerns, plus what official sources would be worth checking next. Category hint: clothing_and_wearables."
amazon_072,Amazon,amazon_seed_title,non_food,clothing_and_wearables,Crocs Unisex Adult Classic Clog,"A user found this Amazon product: 'Crocs Unisex Adult Classic Clog'. They want a cautious consumer-safety explanation focused on likely materials, coatings, plasticizers, heavy metals, PFAS, formaldehyde, flame retardants, or other relevant chemical concerns, plus what official sources would be worth checking next. Category hint: clothing_and_wearables."
amazon_073,Amazon,amazon_seed_title,non_food,clothing_and_wearables,Nippies Nipple Covers for Women - Sticky Adhesive Silicone Pasties - Reusable Pasty Nipple Cover with Travel Box,"A user found this Amazon product: 'Nippies Nipple Covers for Women - Sticky Adhesive Silicone Pasties - Reusable Pasty Nipple Cover with Travel Box'. They want a cautious consumer-safety explanation focused on likely materials, coatings, plasticizers, heavy metals, PFAS, formaldehyde, flame retardants, or other relevant chemical concerns, plus what official sources would be worth checking next. Category hint: clothing_and_wearables."
amazon_074,Amazon,amazon_seed_title,non_food,sports_and_hydration,"Stanley IceFlow Stainless Steel Tumbler - Vacuum Insulated Water Bottle with Straw Leak Resistant Flip Cold for 12 Hours or Iced for 2 Days, Black 2.0, 30oz","A user found this Amazon product: 'Stanley IceFlow Stainless Steel Tumbler - Vacuum Insulated Water Bottle with Straw Leak Resistant Flip Cold for 12 Hours or Iced for 2 Days, Black 2.0, 30oz'. They want a cautious consumer-safety explanation focused on likely materials, coatings, plasticizers, heavy metals, PFAS, formaldehyde, flame retardants, or other relevant chemical concerns, plus what official sources would be worth checking next. Category hint: sports_and_hydration."
amazon_075,Amazon,amazon_seed_title,non_food,sports_and_hydration,Amazon Basics Neoprene Dumbbell Hand Weights for Exercise and Muscle Toning,"A user found this Amazon product: 'Amazon Basics Neoprene Dumbbell Hand Weights for Exercise and Muscle Toning'. They want a cautious consumer-safety explanation focused on likely materials, coatings, plasticizers, heavy metals, PFAS, formaldehyde, flame retardants, or other relevant chemical concerns, plus what official sources would be worth checking next. Category hint: sports_and_hydration."
amazon_076,Amazon,amazon_seed_title,non_food,sports_and_hydration,Seago Swim Goggles 2 Pack Anti-Fog Anti-UV Wide View Swimming Goggles for Kids 3-14,"A user found this Amazon product: 'Seago Swim Goggles 2 Pack Anti-Fog Anti-UV Wide View Swimming Goggles for Kids 3-14'. They want a cautious consumer-safety explanation focused on likely materials, coatings, plasticizers, heavy metals, PFAS, formaldehyde, flame retardants, or other relevant chemical concerns, plus what official sources would be worth checking next. Category hint: sports_and_hydration."
amazon_077,Amazon,amazon_seed_title,non_food,sports_and_hydration,"Fit Simplify Resistance Loop Exercise Bands with Instruction Guide and Carry Bag, Set of 5","A user found this Amazon product: 'Fit Simplify Resistance Loop Exercise Bands with Instruction Guide and Carry Bag, Set of 5'. They want a cautious consumer-safety explanation focused on likely materials, coatings, plasticizers, heavy metals, PFAS, formaldehyde, flame retardants, or other relevant chemical concerns, plus what official sources would be worth checking next. Category hint: sports_and_hydration."
amazon_078,Amazon,amazon_seed_title,non_food,sports_and_hydration,"ZELUS Weighted Vest, 6lb/8lb/12lb/16lb/20lb/25lb/30lb Weight Vest with Reflective Stripe for Workout, Strength Training, Running, Fitness, Muscle Building, Weight Loss, Weightlifting","A user found this Amazon product: 'ZELUS Weighted Vest, 6lb/8lb/12lb/16lb/20lb/25lb/30lb Weight Vest with Reflective Stripe for Workout, Strength Training, Running, Fitness, Muscle Building, Weight Loss, Weightlifting'. They want a cautious consumer-safety explanation focused on likely materials, coatings, plasticizers, heavy metals, PFAS, formaldehyde, flame retardants, or other relevant chemical concerns, plus what official sources would be worth checking next. Category hint: sports_and_hydration."
amazon_079,Amazon,amazon_seed_title,non_food,fabric_cleaners,"Scotchgard Fabric Water Shield, 13.5 Ounces, Repels Water, Ideal for Couches, Pillows, Furniture, Shoes and More, Long Lasting Protection","A user found this Amazon product: 'Scotchgard Fabric Water Shield, 13.5 Ounces, Repels Water, Ideal for Couches, Pillows, Furniture, Shoes and More, Long Lasting Protection'. They want a cautious consumer-safety explanation focused on likely materials, coatings, plasticizers, heavy metals, PFAS, formaldehyde, flame retardants, or other relevant chemical concerns, plus what official sources would be worth checking next. Category hint: fabric_cleaners."
amazon_080,Amazon,amazon_seed_title,non_food,fabric_cleaners,"Scotchgard Fabric Water Shield, Water Repellent Spray for Spring and Summer Clothing and Household Upholstery Items, Two 10 Oz Cans (Pack of 2)","A user found this Amazon product: 'Scotchgard Fabric Water Shield, Water Repellent Spray for Spring and Summer Clothing and Household Upholstery Items, Two 10 Oz Cans (Pack of 2)'. They want a cautious consumer-safety explanation focused on likely materials, coatings, plasticizers, heavy metals, PFAS, formaldehyde, flame retardants, or other relevant chemical concerns, plus what official sources would be worth checking next. Category hint: fabric_cleaners."
amazon_081,Amazon,amazon_seed_title,non_food,fabric_cleaners,"ForceField Fabric Cleaner Professional Strength, Deeply Penetrates Water Safe Fabric & Fibers of Upholstery, Clothing, Rugs & Carpeting - 22oz","A user found this Amazon product: 'ForceField Fabric Cleaner Professional Strength, Deeply Penetrates Water Safe Fabric & Fibers of Upholstery, Clothing, Rugs & Carpeting - 22oz'. They want a cautious consumer-safety explanation focused on likely materials, coatings, plasticizers, heavy metals, PFAS, formaldehyde, flame retardants, or other relevant chemical concerns, plus what official sources would be worth checking next. Category hint: fabric_cleaners."
amazon_082,Amazon,amazon_seed_title,non_food,fabric_cleaners,"NOYATECH Couch Cleaner and Stain Remover Spray – Professional Strength, Multi-Surface Fabric and Upholstery Cleaner – Pet-Safe, Non-Toxic, Quick-Drying for Couches, Sofas & Car Interiors (32 oz)","A user found this Amazon product: 'NOYATECH Couch Cleaner and Stain Remover Spray – Professional Strength, Multi-Surface Fabric and Upholstery Cleaner – Pet-Safe, Non-Toxic, Quick-Drying for Couches, Sofas & Car Interiors (32 oz)'. They want a cautious consumer-safety explanation focused on likely materials, coatings, plasticizers, heavy metals, PFAS, formaldehyde, flame retardants, or other relevant chemical concerns, plus what official sources would be worth checking next. Category hint: fabric_cleaners."
amazon_083,Amazon,amazon_seed_title,non_food,fabric_cleaners,"Rocco & Roxie Oxy Stain Remover - Oxygen Powered Carpet Cleaner Spray - Spot Cleaner for Upholstery, Couch, Laundry, Rug, Clothes, Car Seat, Mattress, Sofa, and More","A user found this Amazon product: 'Rocco & Roxie Oxy Stain Remover - Oxygen Powered Carpet Cleaner Spray - Spot Cleaner for Upholstery, Couch, Laundry, Rug, Clothes, Car Seat, Mattress, Sofa, and More'. They want a cautious consumer-safety explanation focused on likely materials, coatings, plasticizers, heavy metals, PFAS, formaldehyde, flame retardants, or other relevant chemical concerns, plus what official sources would be worth checking next. Category hint: fabric_cleaners."
amazon_084,Amazon,amazon_seed_title,non_food,fabric_cleaners,"Sunbrella Clean Multi-Purpose Fabric Cleaner | All-in-One Solution for Water-Safe Fabrics and Vinyl | Upholstery Cleaner, Removes Stains & Spills | Non-PFAS | 16 fl oz","A user found this Amazon product: 'Sunbrella Clean Multi-Purpose Fabric Cleaner | All-in-One Solution for Water-Safe Fabrics and Vinyl | Upholstery Cleaner, Removes Stains & Spills | Non-PFAS | 16 fl oz'. They want a cautious consumer-safety explanation focused on likely materials, coatings, plasticizers, heavy metals, PFAS, formaldehyde, flame retardants, or other relevant chemical concerns, plus what official sources would be worth checking next. Category hint: fabric_cleaners."
amazon_085,Amazon,amazon_seed_title,non_food,fabric_cleaners,"protectME Fabric Protector and Stain Resistant Spray - Upholstery Fabric Spray for Carpet, Shoes, Couch, Sofa - Non Toxic Water Based Furniture Protector - 25.4 Fl. Oz.","A user found this Amazon product: 'protectME Fabric Protector and Stain Resistant Spray - Upholstery Fabric Spray for Carpet, Shoes, Couch, Sofa - Non Toxic Water Based Furniture Protector - 25.4 Fl. Oz.'. They want a cautious consumer-safety explanation focused on likely materials, coatings, plasticizers, heavy metals, PFAS, formaldehyde, flame retardants, or other relevant chemical concerns, plus what official sources would be worth checking next. Category hint: fabric_cleaners."
amazon_086,Amazon,amazon_seed_title,non_food,laundry_softener,"Downy Fabric Softener Liquid, April Fresh Scent, 140 fl oz, 190 Loads, HE Compatible","A user found this Amazon product: 'Downy Fabric Softener Liquid, April Fresh Scent, 140 fl oz, 190 Loads, HE Compatible'. They want a cautious consumer-safety explanation focused on likely materials, coatings, plasticizers, heavy metals, PFAS, formaldehyde, flame retardants, or other relevant chemical concerns, plus what official sources would be worth checking next. Category hint: laundry_softener."
amazon_087,Amazon,amazon_seed_title,non_food,laundry_softener,"Downy Fabric Softener Liquid, Cool Cotton Scent, 140 fl oz, 190 Loads","A user found this Amazon product: 'Downy Fabric Softener Liquid, Cool Cotton Scent, 140 fl oz, 190 Loads'. They want a cautious consumer-safety explanation focused on likely materials, coatings, plasticizers, heavy metals, PFAS, formaldehyde, flame retardants, or other relevant chemical concerns, plus what official sources would be worth checking next. Category hint: laundry_softener."
amazon_088,Amazon,amazon_seed_title,non_food,laundry_softener,"Downy Ultra Soft Fabric Softener Liquid, Calm, Lavender and Vanilla Bean, 56 fl oz, 83 Loads, Pack of 2","A user found this Amazon product: 'Downy Ultra Soft Fabric Softener Liquid, Calm, Lavender and Vanilla Bean, 56 fl oz, 83 Loads, Pack of 2'. They want a cautious consumer-safety explanation focused on likely materials, coatings, plasticizers, heavy metals, PFAS, formaldehyde, flame retardants, or other relevant chemical concerns, plus what official sources would be worth checking next. Category hint: laundry_softener."
amazon_089,Amazon,amazon_seed_title,non_food,laundry_softener,"Downy Free & Gentle Fabric Softener, Fabric Conditioner, Hypoallergenic, 190 Loads, 140 fl oz","A user found this Amazon product: 'Downy Free & Gentle Fabric Softener, Fabric Conditioner, Hypoallergenic, 190 Loads, 140 fl oz'. They want a cautious consumer-safety explanation focused on likely materials, coatings, plasticizers, heavy metals, PFAS, formaldehyde, flame retardants, or other relevant chemical concerns, plus what official sources would be worth checking next. Category hint: laundry_softener."
amazon_090,Amazon,amazon_seed_title,non_food,laundry_softener,"Gain Fabric Softener, Original Scent, 140 fl oz, 190 Loads, HE Compatible","A user found this Amazon product: 'Gain Fabric Softener, Original Scent, 140 fl oz, 190 Loads, HE Compatible'. They want a cautious consumer-safety explanation focused on likely materials, coatings, plasticizers, heavy metals, PFAS, formaldehyde, flame retardants, or other relevant chemical concerns, plus what official sources would be worth checking next. Category hint: laundry_softener."
amazon_091,Amazon,amazon_seed_title,non_food,laundry_softener,"Gain + Odor Defense Liquid Fabric Softener, Super Fresh Blast Scent, 140 oz 190 Loads, HE Compatible","A user found this Amazon product: 'Gain + Odor Defense Liquid Fabric Softener, Super Fresh Blast Scent, 140 oz 190 Loads, HE Compatible'. They want a cautious consumer-safety explanation focused on likely materials, coatings, plasticizers, heavy metals, PFAS, formaldehyde, flame retardants, or other relevant chemical concerns, plus what official sources would be worth checking next. Category hint: laundry_softener."
amazon_092,Amazon,amazon_seed_title,non_food,laundry_softener,"Downy Rinse & Refresh Laundry Odor Remover And Fabric Softener, Cool Cotton, 48 Fl Oz, HE Compatible","A user found this Amazon product: 'Downy Rinse & Refresh Laundry Odor Remover And Fabric Softener, Cool Cotton, 48 Fl Oz, HE Compatible'. They want a cautious consumer-safety explanation focused on likely materials, coatings, plasticizers, heavy metals, PFAS, formaldehyde, flame retardants, or other relevant chemical concerns, plus what official sources would be worth checking next. Category hint: laundry_softener."
amazon_093,Amazon,amazon_seed_title,non_food,kitchen_home,"Owala FreeSip Insulated Stainless Steel Water Bottle with Straw, BPA-Free Sports Water Bottle, Great for Travel, 24 Oz, Denim","A user found this Amazon product: 'Owala FreeSip Insulated Stainless Steel Water Bottle with Straw, BPA-Free Sports Water Bottle, Great for Travel, 24 Oz, Denim'. They want a cautious consumer-safety explanation focused on likely materials, coatings, plasticizers, heavy metals, PFAS, formaldehyde, flame retardants, or other relevant chemical concerns, plus what official sources would be worth checking next. Category hint: kitchen_home."
amazon_094,Amazon,amazon_seed_title,non_food,kitchen_home,"Alpha Grillers Meat Thermometer Digital - Instant Read Food Thermometer for Cooking, Grilling, Air Fryer, Griddle","A user found this Amazon product: 'Alpha Grillers Meat Thermometer Digital - Instant Read Food Thermometer for Cooking, Grilling, Air Fryer, Griddle'. They want a cautious consumer-safety explanation focused on likely materials, coatings, plasticizers, heavy metals, PFAS, formaldehyde, flame retardants, or other relevant chemical concerns, plus what official sources would be worth checking next. Category hint: kitchen_home."
amazon_095,Amazon,amazon_seed_title,non_food,kitchen_home,"Etekcity Food Kitchen Scale, Digital Grams and Ounces for Weight Loss, Baking, Cooking, Keto and Meal Prep","A user found this Amazon product: 'Etekcity Food Kitchen Scale, Digital Grams and Ounces for Weight Loss, Baking, Cooking, Keto and Meal Prep'. They want a cautious consumer-safety explanation focused on likely materials, coatings, plasticizers, heavy metals, PFAS, formaldehyde, flame retardants, or other relevant chemical concerns, plus what official sources would be worth checking next. Category hint: kitchen_home."
amazon_096,Amazon,amazon_seed_title,non_food,kitchen_home,"Amazon Basics Digital Kitchen Scale with LCD Display, Batteries Included, Weighs up to 11 pounds, Black and Stainless Steel","A user found this Amazon product: 'Amazon Basics Digital Kitchen Scale with LCD Display, Batteries Included, Weighs up to 11 pounds, Black and Stainless Steel'. They want a cautious consumer-safety explanation focused on likely materials, coatings, plasticizers, heavy metals, PFAS, formaldehyde, flame retardants, or other relevant chemical concerns, plus what official sources would be worth checking next. Category hint: kitchen_home."
amazon_097,Amazon,amazon_seed_title,non_food,kitchen_home,"HydroJug Traveler - 40 oz Water Bottle with Handle & Flip Straw - Fits in Cup Holder, Leak Resistant Tumbler","A user found this Amazon product: 'HydroJug Traveler - 40 oz Water Bottle with Handle & Flip Straw - Fits in Cup Holder, Leak Resistant Tumbler'. They want a cautious consumer-safety explanation focused on likely materials, coatings, plasticizers, heavy metals, PFAS, formaldehyde, flame retardants, or other relevant chemical concerns, plus what official sources would be worth checking next. Category hint: kitchen_home."
amazon_098,Amazon,amazon_seed_title,non_food,bonus_nonfood_mix,"protectME Fabric Protector and Stain Resistant Spray - Upholstery Fabric Spray for Carpet, Shoes, Couch, Sofa - Non Toxic Water Based Furniture Protector - 25.4 Fl. Oz.","A user found this Amazon product: 'protectME Fabric Protector and Stain Resistant Spray - Upholstery Fabric Spray for Carpet, Shoes, Couch, Sofa - Non Toxic Water Based Furniture Protector - 25.4 Fl. Oz.'. They want a cautious consumer-safety explanation focused on likely materials, coatings, plasticizers, heavy metals, PFAS, formaldehyde, flame retardants, or other relevant chemical concerns, plus what official sources would be worth checking next. Category hint: bonus_nonfood_mix."
amazon_099,Amazon,amazon_seed_title,non_food,bonus_nonfood_mix,"Amazon Brand - Mama Bear Gentle Touch Diapers, Size 5, 132 Count","A user found this Amazon product: 'Amazon Brand - Mama Bear Gentle Touch Diapers, Size 5, 132 Count'. They want a cautious consumer-safety explanation focused on likely materials, coatings, plasticizers, heavy metals, PFAS, formaldehyde, flame retardants, or other relevant chemical concerns, plus what official sources would be worth checking next. Category hint: bonus_nonfood_mix."
amazon_100,Amazon,amazon_seed_title,non_food,bonus_nonfood_mix,"Sunbrella Clean Multi-Purpose Fabric Cleaner | All-in-One Solution for Water-Safe Fabrics and Vinyl | Upholstery Cleaner, Removes Stains & Spills | Non-PFAS | 16 fl oz","A user found this Amazon product: 'Sunbrella Clean Multi-Purpose Fabric Cleaner | All-in-One Solution for Water-Safe Fabrics and Vinyl | Upholstery Cleaner, Removes Stains & Spills | Non-PFAS | 16 fl oz'. They want a cautious consumer-safety explanation focused on likely materials, coatings, plasticizers, heavy metals, PFAS, formaldehyde, flame retardants, or other relevant chemical concerns, plus what official sources would be worth checking next. Category hint: bonus_nonfood_mix."
